-- phpMyAdmin SQL Dump
-- version 5.2.0
-- https://www.phpmyadmin.net/
--
-- Host: 127.0.0.1
-- Generation Time: Sep 05, 2022 at 12:50 PM
-- Server version: 10.4.24-MariaDB
-- PHP Version: 8.0.19

SET SQL_MODE = "NO_AUTO_VALUE_ON_ZERO";
START TRANSACTION;
SET time_zone = "+00:00";


/*!40101 SET @OLD_CHARACTER_SET_CLIENT=@@CHARACTER_SET_CLIENT */;
/*!40101 SET @OLD_CHARACTER_SET_RESULTS=@@CHARACTER_SET_RESULTS */;
/*!40101 SET @OLD_COLLATION_CONNECTION=@@COLLATION_CONNECTION */;
/*!40101 SET NAMES utf8mb4 */;

--
-- Database: `newsroom`
--

-- --------------------------------------------------------

--
-- Table structure for table `categories`
--

CREATE TABLE `categories` (
  `id` bigint(20) UNSIGNED NOT NULL,
  `name` varchar(255) COLLATE utf8mb4_unicode_ci NOT NULL,
  `slug` varchar(255) COLLATE utf8mb4_unicode_ci NOT NULL,
  `description` longtext COLLATE utf8mb4_unicode_ci DEFAULT NULL,
  `image` varchar(255) COLLATE utf8mb4_unicode_ci DEFAULT NULL,
  `created_at` timestamp NULL DEFAULT NULL,
  `updated_at` timestamp NULL DEFAULT NULL
) ENGINE=InnoDB DEFAULT CHARSET=utf8mb4 COLLATE=utf8mb4_unicode_ci;

--
-- Dumping data for table `categories`
--

INSERT INTO `categories` (`id`, `name`, `slug`, `description`, `image`, `created_at`, `updated_at`) VALUES
(1, 'electronics', 'electronics', NULL, 'storage/category/F8JBokb0bIV9fNFkrRAHRbDVqRLqHcN3W3SUQ2TA.png', '2022-08-26 07:17:38', '2022-08-27 23:45:07'),
(2, 'Sport', 'sport', NULL, 'storage/category/9nOCPgLgMshcIpUbTXQwfnWYKS39agDRHlBvc17H.jpg', '2022-08-26 07:17:47', '2022-08-27 23:44:39'),
(3, 'Entertainment', 'entertainment', NULL, 'storage/category/XmFKXKLCs2ZsatHuZsZHJ2mXho8sKQHRsH0TJNnq.jpg', '2022-08-26 07:17:54', '2022-08-27 06:47:44'),
(4, 'Technology', 'technology', NULL, 'storage/category/bdvSRD5ONcI89pMyyYwdb8fw1MsEp6oPJ6gtxTPV.jpg', '2022-08-26 07:18:04', '2022-08-27 06:47:35'),
(5, 'Python', 'python', NULL, 'storage/category/ZEsmGrBVty9ICSApZKjc8tPCn3Ur0F7OrU2UlLoK.jpg', '2022-08-26 21:33:32', '2022-08-26 21:42:42'),
(6, 'Business', 'business', NULL, 'storage/category/SfHoHuh2Ly5nXRcRlhmFjyLAW8JGDmvzVym06s7J.jpg', '2022-08-27 04:19:13', '2022-08-27 04:19:13');

-- --------------------------------------------------------

--
-- Table structure for table `contacts`
--

CREATE TABLE `contacts` (
  `id` bigint(20) UNSIGNED NOT NULL,
  `name` varchar(255) COLLATE utf8mb4_unicode_ci NOT NULL,
  `email` varchar(255) COLLATE utf8mb4_unicode_ci NOT NULL,
  `subject` varchar(255) COLLATE utf8mb4_unicode_ci NOT NULL,
  `message` text COLLATE utf8mb4_unicode_ci NOT NULL,
  `created_at` timestamp NULL DEFAULT NULL,
  `updated_at` timestamp NULL DEFAULT NULL
) ENGINE=InnoDB DEFAULT CHARSET=utf8mb4 COLLATE=utf8mb4_unicode_ci;

--
-- Dumping data for table `contacts`
--

INSERT INTO `contacts` (`id`, `name`, `email`, `subject`, `message`, `created_at`, `updated_at`) VALUES
(2, 'Mujibur', 'user@gmail.com', 'ygfjd giwej n ojiprw  w ke wejij wnj wrjnm', 'tcty g   yct6yfvtg bv gy8yukvb  b', '2022-08-29 05:31:47', '2022-08-29 05:31:47'),
(3, 'python', 'python@gmail.com', 'ygfjd giwej n ojiprw  w ke wejij wnj wrjnm', '23rmjh cjnmn w4 ilmnew nmolwr e nmwojp wmn ewfw', '2022-08-31 07:17:45', '2022-08-31 07:17:45');

-- --------------------------------------------------------

--
-- Table structure for table `failed_jobs`
--

CREATE TABLE `failed_jobs` (
  `id` bigint(20) UNSIGNED NOT NULL,
  `uuid` varchar(255) COLLATE utf8mb4_unicode_ci NOT NULL,
  `connection` text COLLATE utf8mb4_unicode_ci NOT NULL,
  `queue` text COLLATE utf8mb4_unicode_ci NOT NULL,
  `payload` longtext COLLATE utf8mb4_unicode_ci NOT NULL,
  `exception` longtext COLLATE utf8mb4_unicode_ci NOT NULL,
  `failed_at` timestamp NOT NULL DEFAULT current_timestamp()
) ENGINE=InnoDB DEFAULT CHARSET=utf8mb4 COLLATE=utf8mb4_unicode_ci;

-- --------------------------------------------------------

--
-- Table structure for table `migrations`
--

CREATE TABLE `migrations` (
  `id` int(10) UNSIGNED NOT NULL,
  `migration` varchar(255) COLLATE utf8mb4_unicode_ci NOT NULL,
  `batch` int(11) NOT NULL
) ENGINE=InnoDB DEFAULT CHARSET=utf8mb4 COLLATE=utf8mb4_unicode_ci;

--
-- Dumping data for table `migrations`
--

INSERT INTO `migrations` (`id`, `migration`, `batch`) VALUES
(1, '2014_10_12_000000_create_users_table', 1),
(2, '2014_10_12_100000_create_password_resets_table', 1),
(3, '2019_08_19_000000_create_failed_jobs_table', 1),
(4, '2019_12_14_000001_create_personal_access_tokens_table', 1),
(5, '2022_08_25_052903_create_categories_table', 1),
(6, '2022_08_26_042114_create_tags_table', 1),
(7, '2022_08_26_052627_create_posts_table', 1),
(8, '2022_08_27_044316_create_settings_table', 2),
(9, '2022_08_29_103853_create_contacts_table', 3),
(10, '2022_08_31_101604_add_role_to_users_table', 4),
(11, '2022_08_31_101947_add_role_to_users_table', 5);

-- --------------------------------------------------------

--
-- Table structure for table `password_resets`
--

CREATE TABLE `password_resets` (
  `email` varchar(255) COLLATE utf8mb4_unicode_ci NOT NULL,
  `token` varchar(255) COLLATE utf8mb4_unicode_ci NOT NULL,
  `created_at` timestamp NULL DEFAULT NULL
) ENGINE=InnoDB DEFAULT CHARSET=utf8mb4 COLLATE=utf8mb4_unicode_ci;

-- --------------------------------------------------------

--
-- Table structure for table `personal_access_tokens`
--

CREATE TABLE `personal_access_tokens` (
  `id` bigint(20) UNSIGNED NOT NULL,
  `tokenable_type` varchar(255) COLLATE utf8mb4_unicode_ci NOT NULL,
  `tokenable_id` bigint(20) UNSIGNED NOT NULL,
  `name` varchar(255) COLLATE utf8mb4_unicode_ci NOT NULL,
  `token` varchar(64) COLLATE utf8mb4_unicode_ci NOT NULL,
  `abilities` text COLLATE utf8mb4_unicode_ci DEFAULT NULL,
  `last_used_at` timestamp NULL DEFAULT NULL,
  `expires_at` timestamp NULL DEFAULT NULL,
  `created_at` timestamp NULL DEFAULT NULL,
  `updated_at` timestamp NULL DEFAULT NULL
) ENGINE=InnoDB DEFAULT CHARSET=utf8mb4 COLLATE=utf8mb4_unicode_ci;

-- --------------------------------------------------------

--
-- Table structure for table `posts`
--

CREATE TABLE `posts` (
  `id` bigint(20) UNSIGNED NOT NULL,
  `title` varchar(255) COLLATE utf8mb4_unicode_ci NOT NULL,
  `slug` varchar(255) COLLATE utf8mb4_unicode_ci NOT NULL,
  `image` varchar(255) COLLATE utf8mb4_unicode_ci NOT NULL,
  `description` longtext COLLATE utf8mb4_unicode_ci NOT NULL,
  `user_id` bigint(20) UNSIGNED NOT NULL,
  `category_id` bigint(20) UNSIGNED NOT NULL,
  `created_at` timestamp NULL DEFAULT NULL,
  `updated_at` timestamp NULL DEFAULT NULL
) ENGINE=InnoDB DEFAULT CHARSET=utf8mb4 COLLATE=utf8mb4_unicode_ci;

--
-- Dumping data for table `posts`
--

INSERT INTO `posts` (`id`, `title`, `slug`, `image`, `description`, `user_id`, `category_id`, `created_at`, `updated_at`) VALUES
(99, 'Cathy Hane', 'Dr. Stephen Konopelski', 'https://via.placeholder.com/640x480.png/00ccdd?text=quibusdam', 'Corrupti quasi quam et. Consectetur itaque rerum distinctio aspernatur vero. Aut beatae et voluptatem placeat. Illum voluptatem magnam id laudantium temporibus. Cum possimus iusto similique quas quisquam. Est temporibus optio accusantium quam laboriosam ducimus eos. Eos qui veritatis nihil iure inventore sunt aut. Consequuntur culpa quisquam error neque qui aut inventore. Quam animi quas laudantium et magnam omnis aspernatur est. Reprehenderit omnis consequatur quos magnam asperiores nisi quo.', 1, 4, '2022-08-28 05:14:06', '2022-08-28 05:14:06'),
(100, 'Mrs. Karolann Mann V', 'Buddy McCullough', 'https://via.placeholder.com/640x480.png/0066ee?text=et', 'Voluptatum ut eveniet vel reiciendis repudiandae impedit aliquid. Sed tenetur quam consectetur est aut. Nostrum eius quo vel cumque consectetur. Facere sapiente reprehenderit est. Corrupti nam et et tempora autem. Ad saepe nesciunt est et. Tempora consequatur fugiat nemo quis esse ut debitis reprehenderit. Qui id corporis voluptatum dolore ut. Ipsum dolorem quia molestias cum ipsa quam. Quia aut nihil debitis ullam repudiandae.', 1, 4, '2022-08-28 05:14:07', '2022-08-28 05:14:07'),
(101, 'Miss Catalina Cummerata PhD', 'Cary Douglas', 'https://via.placeholder.com/640x480.png/007711?text=repudiandae', 'Magnam saepe aut quia eos molestiae sit quis corporis. Rerum ullam vel eius eum id nemo. Itaque quisquam facere sint. Recusandae rerum pariatur et qui. Error a fugiat velit ipsum natus est. Rerum amet incidunt ut numquam soluta error exercitationem. Aut ex nulla veniam libero totam sint. Voluptatem maxime enim et consectetur. Quidem quia molestias iste sed eaque officiis consectetur. Ipsam nam molestias dolorem velit. Voluptas culpa cumque quam et quae et quis.', 1, 4, '2022-08-28 05:14:07', '2022-08-28 05:14:07'),
(102, 'Stephen Collier', 'Dr. Karina Leffler II', 'https://via.placeholder.com/640x480.png/005599?text=id', 'Inventore nisi unde eveniet repellendus laboriosam nostrum modi impedit. Sint et culpa dolorum ea. Sint consequatur possimus et nihil at eum. Voluptate dignissimos accusamus aut quis ducimus. Eaque aut repellendus sapiente labore ut et. Qui veritatis consequatur pariatur ratione sed. Ea quis numquam numquam aut itaque dolorem non. Id nisi nisi eligendi voluptatum. Et sit et nemo qui. Aliquam aliquid aut accusantium repudiandae.', 1, 4, '2022-08-28 05:14:07', '2022-08-28 05:14:07'),
(103, 'Lilly Franecki', 'Darrel Nicolas', 'https://via.placeholder.com/640x480.png/00cc00?text=et', 'Aperiam quae cumque quidem blanditiis sit enim recusandae. Quo voluptas culpa quidem est. Facilis quia nulla sunt quas tenetur ut. At enim voluptas et et in rem et. Ut temporibus aperiam debitis non. Laudantium distinctio voluptatem explicabo aut necessitatibus nam. Natus voluptas molestiae harum commodi suscipit. Aliquam consequatur tempore est odit ipsa sunt. Amet quia natus at qui. Harum tempore deserunt sunt doloribus. Laudantium quae necessitatibus veniam saepe quod molestiae ut sed.', 1, 4, '2022-08-28 05:14:07', '2022-08-28 05:14:07'),
(104, 'Gretchen Pouros DVM', 'Mason Erdman', 'https://via.placeholder.com/640x480.png/008800?text=commodi', 'Eaque provident in libero saepe. Quia iste tempore illo. Odit id laborum temporibus doloribus. Nisi nesciunt aperiam at dolorem accusantium. Quas animi animi ut magni itaque dicta. Exercitationem id vero doloremque est laboriosam assumenda ex. Quia labore animi id accusamus saepe. Amet provident maxime accusantium sapiente velit. Odio temporibus omnis soluta molestiae repellat molestiae. Et pariatur voluptatem quod neque illo nam minus. Fugit quia nobis rerum omnis tenetur cumque nostrum laborum. Quia optio neque iusto aut. Delectus minima id occaecati quidem.', 1, 4, '2022-08-28 05:14:07', '2022-08-28 05:14:07'),
(105, 'Lynn Kohler', 'Sophie Romaguera', 'https://via.placeholder.com/640x480.png/008822?text=id', 'Soluta est consectetur quod totam. Amet alias veniam vel et sit ducimus. Modi alias maiores fuga delectus. Ex distinctio consequatur ut ea voluptatum unde. Alias voluptatibus dicta aut rerum voluptas distinctio. Dolor hic ex quidem ipsum explicabo iusto ipsa. Quis enim voluptatibus praesentium dolorem qui est. Quae rem tenetur et est. Totam veniam facere blanditiis. Et consectetur expedita provident quaerat.', 1, 4, '2022-08-28 05:14:07', '2022-08-28 05:14:07'),
(106, 'Dr. Francesca Ernser DDS', 'Mr. Kadin Hamill Sr.', 'https://via.placeholder.com/640x480.png/0044ff?text=sequi', 'Aut similique debitis non nihil dolores amet sequi. Ullam aut eaque eligendi dolore quae nesciunt accusamus tenetur. Amet eligendi consectetur doloribus consequatur. Itaque harum nam est et et quia ea. Ipsam molestias soluta veniam repellat sit facere quod. Et aspernatur quaerat nesciunt laborum aut aut sunt. Occaecati sit debitis quia quis. Ut ut et sint molestiae voluptatibus consectetur. Soluta repellat numquam repudiandae qui in consequatur. Earum nesciunt et deleniti atque exercitationem aliquid ut. Ipsam voluptatem et quam minima distinctio tenetur.', 1, 4, '2022-08-28 05:14:07', '2022-08-28 05:14:07'),
(107, 'Fritz Leuschke', 'Kariane Altenwerth', 'https://via.placeholder.com/640x480.png/00ddee?text=odit', 'Sunt molestiae unde quia exercitationem quia est excepturi. Eos minima quis deserunt necessitatibus recusandae. Nihil nesciunt voluptatem temporibus et. Minima sit consequatur ut et excepturi nisi. Rerum nihil molestias non natus. Veritatis quia rerum voluptatum amet deleniti neque eaque. Quae id at voluptatem recusandae quia eaque. Aut vitae ipsum quos sunt ullam. Nam excepturi molestiae voluptas consequuntur. Aliquid eius dolores excepturi quo aut deserunt. Velit quis totam molestiae occaecati aut quia beatae quos. A dolore amet magnam numquam ipsam in. Et est quam cumque.', 1, 4, '2022-08-28 05:14:07', '2022-08-28 05:14:07'),
(108, 'Dr. Heather Buckridge II', 'Darius Konopelski', 'https://via.placeholder.com/640x480.png/007744?text=error', 'Dolorem rem quidem dicta dolore ipsa occaecati impedit. Et assumenda dolorem ut odit autem molestiae. Delectus itaque veniam dolorem facilis facilis ipsa. Ut eaque officiis dolores asperiores qui illum repudiandae. Consequatur perspiciatis molestiae iste magnam magni dolores id. Consequatur consequatur qui id nam voluptatum maiores. At dolor modi explicabo officiis aut illum accusamus dolor. Ipsam iusto quibusdam blanditiis. Vero quos non non atque.', 1, 4, '2022-08-28 05:14:07', '2022-08-28 05:14:07'),
(109, 'Brandt Langosh Jr.', 'Prof. Presley Gislason PhD', 'https://via.placeholder.com/640x480.png/00aa00?text=sequi', 'Qui magni cupiditate dolorum asperiores. Aspernatur est veritatis molestias eos id labore accusamus occaecati. Eos eligendi quasi dolores est placeat aut porro. Nesciunt magnam voluptate et omnis facere molestiae aperiam. Repellendus blanditiis laudantium nisi in accusantium exercitationem. Atque consequatur eum beatae quia. Reprehenderit est amet omnis dolores et. Asperiores officia et perferendis iusto corporis recusandae rerum provident. Est facilis et esse dolorum aut nemo eveniet. Error iste ut voluptate non. Qui aspernatur et vitae numquam rerum.', 1, 4, '2022-08-28 05:14:07', '2022-08-28 05:14:07'),
(110, 'Marvin Bashirian', 'Glenda Roob II', 'https://via.placeholder.com/640x480.png/00ff66?text=in', 'Eius beatae ipsam expedita ad ea aliquam in. Voluptate rerum rerum maxime sequi. Dolor cum et expedita sequi voluptatem praesentium vero. Rerum aut repellendus saepe qui id. Voluptas dolorem necessitatibus sint vel amet et quibusdam. Animi minus quae enim voluptatem. Non nobis explicabo fuga possimus. Incidunt quidem et eos modi qui modi aperiam. Animi veniam a sunt et soluta molestias. Corrupti velit sit vitae ut earum nesciunt. Iste necessitatibus qui dolore voluptas eos inventore nemo.', 1, 4, '2022-08-28 05:14:07', '2022-08-28 05:14:07'),
(111, 'Emily Sawayn', 'Augusta Bergnaum', 'https://via.placeholder.com/640x480.png/009999?text=commodi', 'Laudantium eligendi ipsam architecto quaerat harum. Sit autem dolorem sequi. Id amet qui ratione aut libero magnam. Itaque totam dicta quis ea eligendi possimus mollitia. Ratione autem non hic illum. Ratione officiis libero qui rerum nihil dignissimos soluta ut. Ea fugit ut deserunt adipisci fugit aut. Consequatur modi suscipit voluptas quos perspiciatis et et est. Sed eum quis neque similique et. Corrupti aperiam est magni et aut maxime. Dolor impedit voluptas voluptas sit repellendus amet in. Esse eum corrupti voluptatibus delectus.', 1, 4, '2022-08-28 05:14:07', '2022-08-28 05:14:07'),
(112, 'Mrs. Ursula Wolf', 'Autumn Bode', 'https://via.placeholder.com/640x480.png/00ffdd?text=eum', 'Minima modi voluptas est. Autem rerum quas et temporibus reprehenderit omnis non reiciendis. Expedita quas aut maiores et quia sapiente impedit. Voluptas ipsam consectetur veritatis corrupti delectus quod accusamus. Sed accusantium molestias tempore est voluptatum ipsam debitis nostrum. Vel dolorum nobis et voluptatem voluptatem ab. Temporibus itaque fugiat doloremque mollitia sed unde reiciendis ullam. Et eligendi illum et libero maiores aperiam. Et voluptas est sapiente debitis. Velit vel voluptate tempora commodi. Fugiat sed veritatis dolor quia.', 1, 4, '2022-08-28 05:14:07', '2022-08-28 05:14:07'),
(113, 'Norberto Simonis', 'Shyanne Thompson', 'https://via.placeholder.com/640x480.png/003355?text=libero', 'Tempora doloribus et et praesentium qui dicta at ut. Sit voluptatem odit optio quae. Quia optio laboriosam nihil asperiores. Sit molestiae aut nesciunt officia sed et. Consequatur dolorem enim officiis eos et et quo. Occaecati cumque quaerat assumenda nostrum quis. Officiis officia optio tempore illo ipsum velit. Iusto quia debitis eligendi dignissimos distinctio occaecati amet consequatur. Fugit illum eius aut exercitationem totam harum quia nesciunt. Laudantium iste aperiam rerum quaerat. Amet nulla sint doloremque. Minima tempora deserunt ipsam numquam.', 1, 4, '2022-08-28 05:14:07', '2022-08-28 05:14:07'),
(114, 'Dr. Virginie Homenick', 'Dr. Ora Abbott DDS', 'https://via.placeholder.com/640x480.png/0033dd?text=praesentium', 'Aut cumque ullam ut nesciunt omnis. Non ratione nostrum aspernatur eos repellendus explicabo. Natus velit odio libero et. Cupiditate omnis et repudiandae est voluptatem velit. Vel aut veritatis et illo assumenda repellat et. Consequatur qui quia quae. Et aut odit earum dolorum occaecati dolores. Molestiae soluta delectus ab dignissimos aut illum. Eos qui reprehenderit et perspiciatis sit. Ullam molestiae quidem delectus nulla. Voluptate ex consequuntur earum numquam. Consequatur perspiciatis similique consectetur et et rerum maxime.', 1, 4, '2022-08-28 05:14:07', '2022-08-28 05:14:07'),
(115, 'Miss Krystina Mitchell Sr.', 'Remington Jacobi Sr.', 'https://via.placeholder.com/640x480.png/006600?text=itaque', 'Omnis est dolores ipsam. Occaecati odit eaque ut sunt magnam repellat. Sunt sed consequatur harum est. Sint eaque vel qui aut sunt quam illum. Aut aliquam sed recusandae corporis rerum culpa dolor. Rerum qui in est quis voluptatem mollitia veniam. Voluptatem reprehenderit explicabo aut neque ullam et. Adipisci quae voluptate in quidem deserunt maxime non. Nemo qui et dolores et. Numquam est quia sit eum aliquid.', 1, 4, '2022-08-28 05:14:07', '2022-08-28 05:14:07'),
(116, 'Felicia Dach', 'Dr. Curt Rosenbaum II', 'https://via.placeholder.com/640x480.png/00bb66?text=id', 'Voluptas voluptas nam odit voluptatem aut. Perferendis corrupti sed molestiae et sit. Et dolorum aliquam atque reiciendis aut. Molestias facere rerum voluptatum dolorem ut. Aut est dolores tempora et. Pariatur et sint ut et eos ut aut. Et nesciunt exercitationem doloribus quibusdam. Tenetur cum repellat consequatur et. Omnis repudiandae ut repellat. Dolorem at laudantium quidem tenetur est explicabo. Voluptatem magnam quod deserunt quo quis aperiam officiis. In porro itaque excepturi eos omnis at. Pariatur nihil quisquam dolores atque sed porro.', 1, 4, '2022-08-28 05:14:07', '2022-08-28 05:14:07'),
(117, 'Dr. Jocelyn Roberts', 'Boris Hill', 'https://via.placeholder.com/640x480.png/007766?text=quia', 'Totam perferendis iste voluptas voluptates dolor. Ut sapiente et similique dolores natus aut. Ut facere id ut sunt. Est cumque reiciendis et animi et asperiores necessitatibus. Labore impedit autem totam adipisci sed. Rem nobis et rerum. Ut aliquam voluptatem earum in. Impedit est at expedita aut maiores. Est voluptates neque est illo ducimus. Et officia voluptatem laboriosam eveniet dolor sit. Laudantium eum repellat explicabo iusto assumenda ut perferendis. Tenetur neque rem eos est et eaque beatae. Numquam id maiores enim maiores. Et culpa consectetur esse.', 1, 4, '2022-08-28 05:14:07', '2022-08-28 05:14:07'),
(118, 'Jaren Hagenes', 'Armando Carter', 'https://via.placeholder.com/640x480.png/0088cc?text=et', 'Eligendi itaque rem harum quia vitae. Sit quia quos in et. Magni voluptatibus qui placeat rem voluptas. Et dolorum et vel officia facilis. Qui laboriosam tenetur accusamus ducimus ipsa qui enim nobis. Incidunt nemo dolor odit ut qui velit officiis. Consequatur dicta sunt quis tempora sunt. Voluptas consequuntur non doloribus hic et. Perferendis ut et fugiat magni molestiae iste recusandae. Nulla quaerat autem sed quibusdam omnis cumque vel. Tempore itaque reiciendis impedit ut veniam.', 1, 4, '2022-08-28 05:14:07', '2022-08-28 05:14:07'),
(119, 'Mrs. Sandra Nicolas DVM', 'Terrell Ernser', 'https://via.placeholder.com/640x480.png/00bb55?text=quia', 'Voluptatem nisi velit ullam repudiandae. Similique assumenda dolore quidem rem. Voluptatem nemo praesentium quisquam dolor. Quae et temporibus fugit qui harum nulla. Omnis magni velit corporis impedit quisquam nisi. Corrupti et iure nemo et perspiciatis culpa tenetur expedita. Distinctio aut molestiae recusandae beatae illo voluptatibus sit. Est velit sequi consequatur facilis. Natus rerum qui harum at dolorem quibusdam placeat. Temporibus quod harum dolor vel. Nemo nisi iusto voluptatem ut rerum soluta.', 1, 4, '2022-08-28 05:14:07', '2022-08-28 05:14:07'),
(120, 'Destini Fadel', 'Destinee Anderson', 'https://via.placeholder.com/640x480.png/00bb22?text=ullam', 'Cumque laborum est fuga vero enim adipisci autem. Suscipit exercitationem magnam fuga vero et. Pariatur qui iure ut hic ea aliquid. Error animi facere blanditiis. Repellat accusantium suscipit ipsa aliquam nesciunt corporis modi. Aliquid veniam consectetur explicabo totam. Cupiditate earum minus aut maxime commodi sunt sint in. Doloremque cum libero consequatur voluptate eos. Ut vel expedita nam laboriosam consectetur deserunt. Voluptas saepe doloribus ipsam molestiae aspernatur veniam.', 1, 4, '2022-08-28 05:14:07', '2022-08-28 05:14:07'),
(121, 'Dr. Arlie Fadel', 'Roselyn Herman', 'https://via.placeholder.com/640x480.png/0033dd?text=labore', 'Dolore facilis aut culpa. Fugit ut occaecati dicta earum fugit magnam. Velit eos ad id. Quae at error nostrum qui et. Ut aliquam nihil ratione repudiandae id. Quibusdam sed harum quam velit rerum velit consequatur. Ipsam aut quidem velit distinctio magnam. Et esse necessitatibus est eum natus repudiandae suscipit. Et aut doloribus similique inventore omnis provident. Unde reiciendis doloremque ea doloribus laudantium. Saepe aut quas consequatur. Molestiae reprehenderit repellat non occaecati. Quisquam doloremque et quod. Iure amet ut rerum velit dolorum accusantium quia.', 1, 4, '2022-08-28 05:14:07', '2022-08-28 05:14:07'),
(122, 'Leon Reilly', 'Caesar Collins', 'https://via.placeholder.com/640x480.png/003366?text=aut', 'Ipsam cum eos exercitationem dicta illum. Nisi consequatur maiores ut magnam. Autem ducimus quaerat ea sed nulla. Dolorem amet id est hic eum eos dolorum. Soluta est rerum molestiae dolorem aut excepturi hic. Quis quis nemo illo laudantium id. Et ab cupiditate commodi cupiditate rem dolore. Illo voluptatem recusandae consequatur consequuntur blanditiis dolorum. Enim consequatur atque itaque inventore. Numquam molestiae odio modi voluptates et et dicta magni. Qui est nihil aut qui est quidem.', 1, 4, '2022-08-28 05:14:07', '2022-08-28 05:14:07'),
(123, 'Arlene Beahan', 'Moshe Cormier', 'https://via.placeholder.com/640x480.png/000033?text=quos', 'Ad ipsam amet at modi ea laboriosam quam sunt. Sunt dolor sequi hic impedit rerum debitis et. Fugiat nulla occaecati tempora at tempore quos. Rerum nihil quia quasi voluptatem. Culpa ducimus saepe voluptatem asperiores quia ipsa est. Molestiae tempore reiciendis illum alias fuga dignissimos. Quia deserunt voluptas eos et doloremque. Mollitia voluptatem vel aut. Debitis harum dolor earum repudiandae. Minima non numquam velit voluptate dolorum libero. Adipisci id libero illum nemo. In ut cumque eius culpa. Non temporibus in impedit et odio.', 1, 4, '2022-08-28 05:14:07', '2022-08-28 05:14:07'),
(124, 'Kianna Nader', 'Dee Schowalter', 'https://via.placeholder.com/640x480.png/002233?text=velit', 'Impedit deleniti quam reprehenderit aut cum sit itaque. Similique odio aut reprehenderit ea labore non. Et ipsam corporis officiis rem. Qui voluptatibus laboriosam voluptate illum quam. Eos autem fugit voluptatem qui quo. Vitae sapiente in vel doloribus quo. Animi veritatis dolor vitae pariatur temporibus molestias. Consequatur ut beatae voluptatum aut. Consequatur sed ut error consequatur incidunt illum. Et dicta culpa dolorem neque officia quos.', 1, 4, '2022-08-28 05:14:07', '2022-08-28 05:14:07'),
(125, 'Mavis Leuschke II', 'Jacquelyn Dare', 'https://via.placeholder.com/640x480.png/00ffdd?text=delectus', 'At et odit porro distinctio. Voluptas laudantium hic est neque est. Dolorum dicta reprehenderit reiciendis quas. Et odio vero mollitia enim distinctio cumque. Est quas autem aut fuga ut necessitatibus nobis. Vero dolorem molestiae ad amet error non sint. Eius tempore aliquid atque sit soluta. Et maiores natus delectus quas eum quas. Nisi aut placeat velit molestiae facilis necessitatibus ipsum aut. Aut rem ipsam commodi deleniti quia voluptatum. Ea quia esse ullam ratione omnis et odit. Aut eos qui ea.', 1, 4, '2022-08-28 05:14:07', '2022-08-28 05:14:07'),
(126, 'Reese Kozey', 'Dr. Coty Halvorson II', 'https://via.placeholder.com/640x480.png/0099bb?text=et', 'Molestias magni rerum culpa velit provident. Neque voluptatem ex alias. Recusandae sed qui possimus id. Accusantium cumque rerum et ipsam non velit. Ea vitae maiores quia illo et ut tempore. Maiores aut laudantium dolore fugit. Excepturi deleniti aut ducimus amet. Dolorem eaque inventore asperiores. Qui id qui dolores assumenda quia laudantium. Tempora dicta sint et. Inventore nulla expedita facilis velit ut. Quidem nihil recusandae ab excepturi est in. Illo voluptatem architecto maiores et quos. Voluptates aliquam qui vel asperiores omnis.', 1, 4, '2022-08-28 05:14:07', '2022-08-28 05:14:07'),
(127, 'Miss Ella Lowe Jr.', 'Eve Haley', 'https://via.placeholder.com/640x480.png/00dd99?text=tempore', 'Porro sunt officia nisi similique aut tempore. Impedit sit inventore incidunt voluptas recusandae. Ea harum dolorem minus excepturi iure voluptatum. Id totam facere molestiae quam beatae dolorem aut. Autem commodi et et rerum sunt sed necessitatibus. Enim ducimus sed exercitationem magnam quidem consequuntur dolores illum. Fugit necessitatibus possimus blanditiis voluptas. Reiciendis ex quod atque iusto enim aut. Ipsam eum sequi ab ut velit culpa et. Possimus quis doloribus voluptas ducimus. Debitis quo vel tenetur odio occaecati.', 1, 4, '2022-08-28 05:14:07', '2022-08-28 05:14:07'),
(128, 'Quinn Hyatt', 'Miss Theodora Feeney PhD', 'https://via.placeholder.com/640x480.png/004422?text=molestias', 'Molestias harum atque voluptate voluptatum beatae eum. Voluptatibus officia vel aliquid expedita. Est expedita ipsum numquam harum atque velit. Aut ut magni assumenda exercitationem nobis. Distinctio quia asperiores et. Excepturi quae quaerat veniam vel laborum. Iure ut hic dolor est voluptatum. Culpa qui voluptatem et aut ipsam quasi aperiam est. Nihil consequatur quo eveniet voluptatem atque. Delectus voluptates autem ut cupiditate. Molestias voluptas ut quia iusto.', 1, 4, '2022-08-28 05:14:07', '2022-08-28 05:14:07'),
(129, 'Antoinette Schulist', 'Kennith Homenick', 'https://via.placeholder.com/640x480.png/00ddee?text=sit', 'Sed quas expedita non voluptate assumenda et. Impedit sunt totam autem laborum aut hic. Voluptatem quia voluptas ex ullam. Cupiditate adipisci officiis ut non deleniti aliquam. Placeat numquam voluptate molestias. Et pariatur ipsam laudantium nobis cum qui. Saepe eveniet sit sequi sapiente quia. Sequi neque tempora molestiae sint. Et maxime est in suscipit quis corporis ullam. Cum et maxime voluptas velit nobis quia doloribus. Voluptas quisquam quis sint. Ab sed adipisci commodi rerum. Commodi et eaque esse voluptas. Autem totam in et velit rerum quasi.', 1, 4, '2022-08-28 05:14:08', '2022-08-28 05:14:08'),
(130, 'Dr. Hilton Hammes', 'Lemuel Swift', 'https://via.placeholder.com/640x480.png/00ee22?text=sint', 'Sit omnis est vel nulla corporis voluptate. A reprehenderit vitae dicta et voluptas assumenda sit. Assumenda quisquam magnam voluptas dolorem minima ad. Alias qui qui facilis sint nisi. Dolore quas eligendi illo mollitia animi amet. Ut ea ipsum eos est fuga omnis eveniet. Aut sed ea qui delectus et eos aut. In ducimus cumque ea non. Ipsam iusto modi aut ad ipsa ut dolore. Voluptatem ea repellendus omnis recusandae vero. Mollitia debitis qui aut vel quaerat voluptatem. Quia aut mollitia possimus illo occaecati incidunt. Ab tempora hic velit possimus. Minima praesentium beatae est.', 1, 4, '2022-08-28 05:14:08', '2022-08-28 05:14:08'),
(131, 'Delfina Little', 'Prof. Maeve Ledner DDS', 'https://via.placeholder.com/640x480.png/0044bb?text=et', 'Dolore voluptatem atque distinctio sunt ducimus repudiandae asperiores. Quam aperiam nulla aut. Eum sed voluptatibus dicta. At non sit laboriosam. Eveniet veritatis explicabo in itaque fugiat ducimus laborum. Suscipit temporibus vel non. Est et veniam magnam aut non facilis aut. Qui distinctio ducimus earum ut et. Est consectetur voluptatem quae molestiae illum reprehenderit neque. Aut occaecati animi eveniet ad minima quae similique voluptatem. Laborum autem ullam eaque in illum sit sed. Rerum molestiae natus dignissimos ut. Rerum at sit amet quia sunt reprehenderit eos.', 1, 4, '2022-08-28 05:14:08', '2022-08-28 05:14:08'),
(132, 'Katarina Ernser II', 'Jacquelyn Waters', 'https://via.placeholder.com/640x480.png/00eeee?text=assumenda', 'Suscipit doloremque voluptatum non voluptatem. Quod possimus quos culpa voluptas voluptatum quia voluptatem soluta. Consequuntur ut inventore illum dolores. Distinctio maiores est ad dicta dolor. Esse assumenda eum impedit neque consequatur. Aspernatur ratione dolorem qui recusandae aperiam architecto. Et magni deserunt enim porro. Et id nam quia rem officiis quos hic. Est eligendi id dolores in explicabo rem explicabo. Aliquam non ratione dolorum est nisi quis. Soluta voluptatum quasi quidem quasi consequatur vitae.', 1, 4, '2022-08-28 05:14:08', '2022-08-28 05:14:08'),
(133, 'Mr. Gideon Zulauf', 'Nathan Hoeger', 'https://via.placeholder.com/640x480.png/0088cc?text=blanditiis', 'Ipsam dolores ratione ea quas et modi voluptates. Consectetur fuga adipisci ab recusandae. Veritatis pariatur hic excepturi corporis et. Soluta aut commodi rerum fuga debitis qui. Nobis omnis veniam dolor quae. Dolorum eos minus sunt atque ut. Quia est voluptate iure voluptatem aut esse eaque. Non expedita est suscipit quia rerum recusandae est quisquam. Tenetur qui hic sint ut. Nihil odio eos vel ut iste amet eum. Molestiae tempore voluptatibus ea eligendi inventore dolore et consectetur. Et et et voluptatum vero qui ut vero. Dolores modi sed possimus et ipsum.', 1, 4, '2022-08-28 05:14:08', '2022-08-28 05:14:08'),
(134, 'Prof. Chloe O\'Keefe', 'Amaya Spencer III', 'https://via.placeholder.com/640x480.png/00cc22?text=facilis', 'Dolor eum quasi et architecto. Dolor debitis nostrum omnis eos numquam aspernatur sed harum. Aperiam earum culpa placeat aut. Odio ea velit eveniet ipsa ut exercitationem dolore aut. Dolorem consequatur exercitationem id reprehenderit molestiae. Reiciendis nesciunt assumenda sunt. Amet tenetur dignissimos itaque dicta qui similique. Enim in aut cupiditate harum minima occaecati sunt. Odio laudantium eos dolore ipsam qui. Et est at ut. Fuga dolorem numquam autem. Voluptatibus rem commodi vitae nulla reiciendis in et odit.', 1, 4, '2022-08-28 05:19:11', '2022-08-28 05:19:11'),
(135, 'Ms. Elta Torp', 'Donald Kutch III', 'https://via.placeholder.com/640x480.png/0044ee?text=possimus', 'Modi inventore quia omnis recusandae. Possimus ut laboriosam magnam perferendis. Dolorum dolore quo rem. At dolore ipsam magni qui suscipit. Optio quis hic quae officia explicabo dolor et. Dolorem voluptas omnis molestiae quia non. Similique dolor minima quia eaque architecto. Commodi ea tempore velit dolor cumque. Nostrum culpa alias aperiam quae quam ipsa ipsa. Debitis qui nemo officiis qui doloremque ut. Esse quo dolores nisi. Quis molestiae dolor odit qui accusantium. Aliquam sapiente vel doloremque quas voluptate at.', 1, 5, '2022-08-28 05:19:11', '2022-08-28 05:19:11'),
(136, 'Johnathon Daniel', 'Janice Kutch DVM', 'https://via.placeholder.com/640x480.png/0099bb?text=voluptates', 'Minima dignissimos omnis harum perspiciatis perspiciatis. Necessitatibus temporibus est unde explicabo praesentium. Voluptatum fugiat et earum nam atque et. Neque architecto rerum ut itaque consequatur. Voluptate pariatur est sed quo ipsa. Excepturi fugit laborum enim voluptas ea necessitatibus id. Odio ex veritatis voluptatem non non. Occaecati recusandae sunt laboriosam voluptatem dolores.', 1, 2, '2022-08-28 05:19:11', '2022-08-28 05:19:11'),
(137, 'Amara Schuppe II', 'Prof. Mina Wiegand', 'https://via.placeholder.com/640x480.png/007700?text=porro', 'Maxime porro ratione sunt non autem. Sed et ut dolorum ipsum et rerum. Non similique ea magnam est sunt. Esse rerum asperiores et occaecati et quo qui. Qui rerum temporibus quos laboriosam dignissimos. Ut exercitationem nihil quam consequatur ea fuga. Natus laborum provident laborum consequatur qui perspiciatis optio. Sunt rem est corrupti exercitationem illo dignissimos et. Qui corporis aut molestiae non dolorum. Illum cupiditate nam provident esse. Nam est ipsam eius perferendis illum. Quibusdam animi dolorem et porro nemo nobis. Voluptates aliquid et perferendis omnis cupiditate.', 1, 3, '2022-08-28 05:19:11', '2022-08-28 05:19:11'),
(138, 'Karlie Gleichner', 'Tina Emmerich IV', 'https://via.placeholder.com/640x480.png/004466?text=dicta', 'Voluptas nostrum ab odio quas nisi quidem. Dolorem corrupti est minima voluptatem at quia blanditiis omnis. Modi vitae maiores est ut. Perspiciatis voluptas aut iste consectetur voluptas eveniet pariatur facilis. Possimus consequatur deleniti et numquam repellat eos ex eos. Sit voluptates exercitationem eos animi rem qui molestiae. Dolorum aliquid voluptas error. Vero ea sunt provident quia eum et reprehenderit in. Aperiam et incidunt impedit unde. Iure facilis rerum qui rerum et iste.', 1, 4, '2022-08-28 05:19:11', '2022-08-28 05:19:11'),
(139, 'Miss Ona Parisian III', 'Aurelie Kutch', 'https://via.placeholder.com/640x480.png/00bbdd?text=assumenda', 'Autem cum doloribus quod quisquam quia in molestias. Similique enim corrupti et fugit dolor commodi nam porro. Vel quae eius quis ipsam cumque fugiat. Sit quisquam labore et eveniet est. Cum dicta voluptatum dignissimos magni. Qui ut vero sint. Inventore illum consequatur veritatis dolorem iusto voluptatem. Velit aut nihil quia consectetur iste accusamus. Quibusdam consequatur sint voluptatem rem. Debitis in consequatur libero. Labore temporibus ipsam esse porro maxime consequuntur et ut. Tempore tempore a sit perspiciatis explicabo ab dignissimos.', 1, 1, '2022-08-28 05:19:11', '2022-08-28 05:19:11'),
(140, 'Dr. Theresa Maggio V', 'Mr. Jeremie Eichmann', 'https://via.placeholder.com/640x480.png/0099cc?text=quia', 'Quia a deserunt nisi soluta. Ut eum quia magnam vero. Aperiam nihil sint consequatur quia. Et sequi delectus beatae et omnis. Aut quisquam ut nulla aut error dolores sit. Est quia iusto ratione ut quia voluptatem suscipit velit. Itaque eum quis dolore est dolorem voluptatibus pariatur. Et sint quasi repellendus quod modi ut repellat. Vero in sapiente rerum hic ipsam sunt commodi. Dolore autem animi distinctio id officiis. Velit provident accusantium est et repellat nisi veritatis.', 1, 2, '2022-08-28 05:19:11', '2022-08-28 05:19:11'),
(141, 'Dr. Ubaldo Gibson', 'Marvin Dickens', 'https://via.placeholder.com/640x480.png/00ee77?text=dolore', 'Excepturi error voluptates in ea et quidem iste. Labore maxime suscipit architecto beatae eum et. Rerum deleniti et veniam in. Sunt natus omnis accusantium aliquid ipsam et. Quia sit atque minima sit qui. Omnis omnis labore qui ratione. Unde cupiditate libero harum nihil. Qui odit officia provident repellat molestiae rerum. Quam eaque aliquid molestiae rerum optio velit molestiae. Eos amet voluptate iusto illo voluptates. Consequatur quisquam expedita ex veniam sit. Tempore nam dolorem temporibus inventore non nisi.', 1, 1, '2022-08-28 05:19:11', '2022-08-28 05:19:11'),
(142, 'Ian Champlin', 'Jerel Hirthe', 'https://via.placeholder.com/640x480.png/000055?text=placeat', 'Enim aliquid quasi qui excepturi earum in aliquid. Quis autem facere sed vel et qui autem. Tenetur qui vel iusto eveniet est. Pariatur quae voluptatem fugit. Nihil voluptates laboriosam mollitia veniam qui est. Animi at quia autem qui. Deserunt doloremque repudiandae omnis qui eos dolor. Eligendi ut laboriosam rerum repellendus quis. Accusantium harum ullam nemo sit amet placeat vel. Ea quo sequi perferendis ut veritatis.', 1, 3, '2022-08-28 05:19:11', '2022-08-28 05:19:11'),
(143, 'Hayden Jacobson', 'Dr. Greta Olson', 'https://via.placeholder.com/640x480.png/001155?text=est', 'Tempore dolor accusantium atque. Accusantium quidem veritatis ipsam. Et eveniet facilis culpa fugit. Deleniti fugit saepe voluptas voluptas possimus. Quos expedita asperiores quia laboriosam. Atque commodi qui corrupti voluptas illum. Non autem a eos quod suscipit consectetur veniam. Voluptatem eos itaque aliquid. Quae est quia consequuntur beatae consequatur voluptas aut. Esse natus sit laboriosam architecto velit nihil. Omnis ea ratione vitae tempore delectus in aut. A vel rerum est illum aut sit dignissimos non.', 1, 5, '2022-08-28 05:19:11', '2022-08-28 05:19:11'),
(144, 'Mrs. Brionna Haley', 'Dr. Samson Leuschke', 'https://via.placeholder.com/640x480.png/009900?text=quisquam', 'Rem alias ea quo. Repudiandae vero sint natus. Sint modi ullam voluptates aut sit quidem consequatur voluptas. Debitis velit sapiente et cumque et et necessitatibus possimus. Nesciunt sunt sunt optio et iure dolores. Nihil et ut neque velit error quod. Velit et doloribus quidem sunt. Nisi sed illum voluptatem accusantium dolores. Explicabo provident excepturi accusantium aut aut ipsam. Quo et dolorem quis consequatur quis numquam sed. Ratione rerum rerum ea cupiditate delectus. Voluptatibus temporibus qui non reiciendis modi tempora recusandae quod.', 1, 5, '2022-08-28 05:19:11', '2022-08-28 05:19:11'),
(145, 'Alfonzo Marks', 'Nicole Orn', 'https://via.placeholder.com/640x480.png/00aa66?text=id', 'Fuga est quo numquam saepe illum in. Molestiae ut dignissimos voluptates aspernatur iste eum deleniti. Non ut aut modi impedit minus earum. Explicabo fugit reprehenderit quibusdam animi itaque voluptatibus aperiam. Porro non voluptates et mollitia. Consequatur officiis quis possimus molestiae. Aliquid in vero omnis eum autem. Aliquid nemo non rerum quaerat expedita quia minus numquam. Eos dolores non aliquam et. Quisquam id voluptas et. Molestiae voluptatibus soluta veritatis nemo nam magni sint tempore.', 1, 4, '2022-08-28 05:19:11', '2022-08-28 05:19:11'),
(146, 'Josiane Price', 'Lula Cassin', 'https://via.placeholder.com/640x480.png/00cc99?text=nisi', 'Eum mollitia qui est ut fugiat. Saepe mollitia esse fuga incidunt ducimus cumque sit. Itaque sed omnis omnis dolor aliquam sit qui. Recusandae enim commodi totam voluptatem quae fugit voluptates. Sit sunt dolore nostrum voluptatum quasi ullam pariatur. Alias excepturi expedita dolorem saepe et quam ut laborum. Blanditiis odit quod accusantium ut natus autem similique dolores. Quia consequatur facilis aut. Facilis vero et quibusdam reprehenderit repudiandae. Voluptatum est reprehenderit sunt vel aliquam aut deserunt. Quod soluta at est.', 1, 2, '2022-08-28 05:19:11', '2022-08-28 05:19:11'),
(147, 'Corrine Haag', 'Genoveva Mosciski III', 'https://via.placeholder.com/640x480.png/005566?text=quod', 'Nobis blanditiis ut odit aliquam ad. Eum ipsum et odit adipisci. Fugiat et voluptatibus voluptatem quis voluptas occaecati facere. Nisi quia voluptatem ea qui. Ipsam cupiditate rem fugit perspiciatis aut repellendus fugiat. Velit qui in repudiandae libero et quia magni. Aliquam sunt molestiae dignissimos eos ea occaecati. Ducimus suscipit quas culpa mollitia tempora nemo recusandae. Possimus facilis quis et. Aut et perferendis nam sit recusandae quis qui. Quis iusto voluptas eligendi qui. At facere aliquid dicta vel. Quo velit dicta consequatur temporibus atque magni minima.', 1, 5, '2022-08-28 05:19:12', '2022-08-28 05:19:12'),
(148, 'Richmond Weissnat', 'Miss Yolanda Collins Jr.', 'https://via.placeholder.com/640x480.png/0022cc?text=dolor', 'Occaecati amet dolores blanditiis ut asperiores. Tempore itaque autem labore quaerat. Nobis aspernatur iusto eos non natus error laboriosam. Qui in a magnam et. Architecto consequatur fugit est incidunt temporibus tempora natus alias. Eaque architecto at qui est enim corrupti quidem. Qui dolores rerum eligendi qui ut quas eligendi. Ut et quia perspiciatis quasi aut sit voluptatem dicta. Et consequatur reprehenderit est. Voluptatibus aut molestiae quaerat sit perferendis rerum. Consequatur ullam nam voluptatem nihil numquam non nihil.', 1, 4, '2022-08-28 05:19:12', '2022-08-28 05:19:12'),
(149, 'Assunta Kertzmann', 'Ms. Emelie Lemke Jr.', 'https://via.placeholder.com/640x480.png/00bb66?text=possimus', 'Dolor exercitationem quibusdam iusto nemo et quis sed. Maxime eos ex rerum aut. Qui excepturi corporis nisi quibusdam ea vel et. Aliquam dolores doloribus eligendi aut quia facere et unde. Similique ea alias minus odit ratione qui. Dolorem dolorem excepturi corrupti dolorem aliquam. Deleniti deleniti officiis earum delectus veniam maiores qui. Amet consequatur quasi ex. Dolorem error sequi numquam ut facilis qui tempore. Hic reiciendis esse nihil nam. Quam reiciendis labore autem architecto similique at. Hic ratione voluptas ut odit sapiente. Rem dolores quae quidem vitae.', 1, 1, '2022-08-28 05:19:12', '2022-08-28 05:19:12'),
(150, 'Lavonne Dickinson', 'Ms. Rebekah Jerde I', 'https://via.placeholder.com/640x480.png/0088ff?text=id', 'Aliquam dolorum odit saepe dolor consectetur sit vel excepturi. Dolor repellendus corporis nam corrupti quod. Ex dignissimos ut explicabo vitae sed. Similique laboriosam in eligendi numquam minus. Eligendi voluptas consectetur qui illum. Quia debitis aut at maxime provident. Delectus consequuntur est quidem eum sit. Ad voluptatum est rerum illo est et sed vero. Illum perferendis excepturi ut adipisci velit in commodi iste. Hic ipsa sit voluptate et eveniet minima rerum. Tenetur molestiae atque sint sapiente vel voluptate.', 1, 5, '2022-08-28 05:19:12', '2022-08-28 05:19:12'),
(151, 'Mrs. Keira King Sr.', 'Ms. Lily Wunsch Jr.', 'https://via.placeholder.com/640x480.png/009966?text=ratione', 'Excepturi ullam atque ut voluptatum sint. Et tenetur voluptas quia dolor qui praesentium. Et dolorem et odio ratione autem. Pariatur hic quae maiores consequuntur cumque. Natus eos non sint architecto non cum aut. Labore natus laboriosam et placeat. Qui velit illo atque minima officiis et. Alias laborum consequuntur assumenda officia delectus. Qui at molestiae tempora et aut eos facere. Voluptas ut voluptatum eius iusto est. Dolores maiores sunt dolor atque. Eos ad ipsa nihil libero ab. Veritatis ut corporis est. Facere iste alias voluptatem enim quis quia.', 1, 1, '2022-08-28 05:19:12', '2022-08-28 05:19:12'),
(152, 'Kali Murphy', 'Alene Kemmer', 'https://via.placeholder.com/640x480.png/0066ff?text=explicabo', 'Incidunt consequuntur voluptate earum enim. Id ducimus est est quis voluptatibus. Possimus quis tempore et dignissimos qui. Et fuga accusantium voluptatem sint officia sed assumenda. Iure repudiandae ad quisquam minima nihil hic quia molestiae. Similique minus deleniti occaecati fugiat. Consectetur sint provident laboriosam sed. Repellendus nihil quia est repudiandae vel reprehenderit fugit laudantium. Placeat mollitia et minima minima ut. Quaerat dolor animi facere accusantium ad ut. Dolor dicta nulla voluptas quasi.', 1, 6, '2022-08-28 05:19:12', '2022-08-28 05:19:12'),
(153, 'Buster Zieme', 'Ms. Maggie Gutmann', 'https://via.placeholder.com/640x480.png/00bbbb?text=illum', 'Sit et assumenda quod voluptate quibusdam neque. Odit sapiente cupiditate praesentium accusantium debitis voluptas natus omnis. Ut doloremque recusandae beatae itaque. Occaecati aut delectus mollitia modi saepe dolores impedit architecto. Eum beatae velit doloremque consequuntur velit corrupti et. Est veniam accusamus sint vero nostrum fugit. Fuga quia at voluptatum iure. Enim dignissimos qui quod temporibus. Aut consequatur itaque rerum quaerat rerum. Ipsa aut dolorem molestiae laudantium. Officia nostrum enim vel atque. Quia explicabo accusamus sed aut sequi et.', 1, 1, '2022-08-28 05:19:12', '2022-08-28 05:19:12'),
(154, 'Polly Moen', 'Jeffry Rutherford', 'https://via.placeholder.com/640x480.png/004488?text=similique', 'Dolor voluptas quia enim adipisci ad saepe earum. Et qui laudantium dolores culpa suscipit doloribus. Omnis qui dolores maiores non provident. A id nam rerum accusantium. Repudiandae rerum eos voluptatem ex. Aut saepe nulla a adipisci. Quisquam quae quibusdam facere rerum nobis non est consequuntur. Voluptas non soluta atque sit. Modi qui dolorem omnis atque error. Quod et commodi sapiente blanditiis sit explicabo earum ipsam. Aut mollitia quia nesciunt aut. Quasi qui quia asperiores doloremque.', 1, 2, '2022-08-28 05:19:12', '2022-08-28 05:19:12'),
(155, 'Jeffry Strosin', 'Cassandre Rolfson I', 'https://via.placeholder.com/640x480.png/000044?text=rerum', 'Error voluptatem et quidem odio ea facere. Quis laborum architecto quaerat nobis repellendus sequi quia. Ipsam et quis non praesentium eum est. Est aut qui quam qui iusto autem. Sequi quia sed ipsum tenetur. Commodi deleniti quaerat eveniet eum a. Illum reiciendis dolores enim repellendus. Ut blanditiis assumenda ut cupiditate non possimus. Autem reiciendis dolor et nobis et fugiat et qui. Officiis repellat ullam dolorem. Sit est dolorem aspernatur architecto. Ratione reiciendis porro maxime voluptatem.', 1, 1, '2022-08-28 05:19:12', '2022-08-28 05:19:12'),
(156, 'Jennings Feil', 'Reggie Gaylord MD', 'https://via.placeholder.com/640x480.png/0033cc?text=fuga', 'Harum quo vero perferendis. Numquam delectus quod quaerat corporis error minus. Earum qui ut excepturi eum ipsam voluptatem. Unde corrupti aut error totam cum in. Possimus quo voluptatem et non. Suscipit impedit ea consectetur nobis. Incidunt dolore sed qui fugit quam magni praesentium. Quisquam aut et quis earum. Alias esse et et et quae sint sed. Asperiores rerum quia quaerat ducimus dolorem rerum quisquam. Dolores et iure non natus iste quaerat quas velit. Qui est nostrum omnis enim numquam sed. Libero dolorem nam iure enim.', 1, 3, '2022-08-28 05:19:12', '2022-08-28 05:19:12'),
(157, 'Godfrey Kirlin MD', 'Randy Nikolaus', 'https://via.placeholder.com/640x480.png/00aacc?text=est', 'Et suscipit aut possimus similique dolorum. Voluptatem qui quia perspiciatis. Recusandae sed aut veritatis natus quibusdam ratione optio soluta. Aliquam aliquid nostrum atque corporis. Aperiam porro ducimus a expedita. Soluta inventore vero illo earum deserunt quidem. Sed atque voluptatum eveniet deleniti. Iure omnis accusamus minima autem quos qui. Et tenetur perspiciatis sint quia ducimus ipsum tempora consequatur. Pariatur eaque architecto placeat est. Ut et vel est nisi corrupti sit laudantium. Atque aliquid odio quis sapiente labore fuga.', 1, 3, '2022-08-28 05:19:12', '2022-08-28 05:19:12'),
(158, 'Miss Christy Bernhard', 'Nia Dach', 'https://via.placeholder.com/640x480.png/00aabb?text=in', 'In aliquam nihil omnis repellat est sunt. Fugiat dignissimos incidunt voluptatem facere ad quae voluptatem inventore. Saepe enim quia officiis est ut quos magni et. Dolores quae dolores sapiente et temporibus mollitia. Veritatis nostrum saepe ad doloribus omnis nihil est. Voluptatem natus sed eum ducimus error neque atque. Est minima et quaerat iure. Consequuntur quidem ipsum beatae ducimus. Non tempore ea est beatae minus.', 1, 5, '2022-08-28 05:19:12', '2022-08-28 05:19:12'),
(159, 'Zoie Herzog', 'Mrs. Marcella Monahan Jr.', 'https://via.placeholder.com/640x480.png/009988?text=quis', 'Qui omnis corporis necessitatibus ipsum. Consequatur rerum voluptas voluptatem quam distinctio eos. Non rerum velit qui libero. Est quo optio soluta itaque maiores neque neque non. Qui commodi fugit sit et ab. Ex occaecati fugit dignissimos. A voluptates vero ut. Maiores totam ut eius libero aut voluptatem. Qui voluptate ab molestiae voluptatem. Quis voluptatem nam et quod est. In voluptatem quas non laudantium quaerat voluptatem. Assumenda qui ipsam incidunt et repellendus commodi id. Sed quasi ducimus vero praesentium alias.', 1, 3, '2022-08-28 05:19:12', '2022-08-28 05:19:12'),
(160, 'Oleta Rosenbaum', 'Ariel Bosco', 'https://via.placeholder.com/640x480.png/00bbbb?text=aut', 'Eum aut cumque sit in maxime commodi et. Laborum aut qui culpa sed nam ratione at. Repudiandae quam asperiores debitis. Quo assumenda tempora itaque ex commodi. Necessitatibus cumque sit et dolorem sit. Alias doloremque ut voluptatem et dolor. Dolorem ipsum iste qui assumenda. Harum ex quod odio odio quis et commodi. Odio necessitatibus earum et ipsam. Recusandae aut voluptatibus ipsam impedit perspiciatis est et. Et cum qui consequatur numquam sint ab.', 1, 5, '2022-08-28 05:19:12', '2022-08-28 05:19:12'),
(161, 'Anibal Emmerich', 'Elna Frami III', 'https://via.placeholder.com/640x480.png/00eeff?text=magnam', 'Rerum quis dolore quas dignissimos. Doloremque eveniet itaque non. Esse iusto iure laborum minima qui. Et consequatur aliquid magnam beatae omnis. Laboriosam molestiae ea animi placeat velit debitis voluptatem. Exercitationem et numquam ipsa facilis consequatur sed. Rerum autem autem natus ut. Non rerum sed quo asperiores quis blanditiis tempora. Voluptas aut dolore animi similique iure cupiditate non. Aspernatur et facilis qui velit. Molestiae mollitia eveniet illum atque corporis.', 1, 1, '2022-08-28 05:19:12', '2022-08-28 05:19:12'),
(162, 'Dane Schumm', 'Derrick Robel', 'https://via.placeholder.com/640x480.png/004488?text=incidunt', 'Aut assumenda fugit itaque dolore. Accusamus placeat debitis quia error a explicabo dolorem. Excepturi unde illo quia ipsam. Quas qui maiores aut et commodi eius ut. Neque magni non qui. Iusto assumenda a sed dolor neque vel vel. Commodi qui debitis incidunt dolorem quos quaerat voluptatem consequatur. Cupiditate iste optio amet sunt. Dolorem aut hic provident sapiente ipsam possimus explicabo. Quo blanditiis quam impedit. Aut sed magnam ex aut soluta. Ut porro sunt est temporibus.', 1, 4, '2022-08-28 05:19:12', '2022-08-28 05:19:12'),
(163, 'Ms. Marisol Nikolaus V', 'Fae Mraz II', 'https://via.placeholder.com/640x480.png/0044ee?text=corporis', 'Et iure ut reprehenderit repellat. Consectetur dolorum quae aut occaecati libero. Ad et ut cumque esse molestiae pariatur quo cumque. Et cupiditate commodi quia delectus dolorum saepe consequatur. Quia sit ullam dignissimos dolorum magnam autem voluptatem. Assumenda quisquam et harum aut vero aliquid labore. Saepe expedita placeat numquam ut. Sunt sunt praesentium tenetur assumenda. Et nemo est magni vitae. Ut vel aut dolores quia accusamus omnis sed aperiam. Optio non sit temporibus similique nostrum.', 1, 5, '2022-08-28 05:19:12', '2022-08-28 05:19:12'),
(164, 'Kariane Walsh Jr.', 'Kamille Langworth', 'https://via.placeholder.com/640x480.png/004400?text=et', 'Ipsam repudiandae esse beatae explicabo commodi. Quaerat quia quisquam consequatur enim rerum ipsa. Numquam quod inventore id sed dolores. Ipsam dolorem fugit et voluptatem veniam. Sed nemo aut aut iure ut quis occaecati. Quo beatae eum quisquam eligendi. Accusamus blanditiis porro iusto explicabo minima aperiam. Qui expedita quaerat molestias aut voluptate. Praesentium vel autem hic harum aperiam illum dolorem consectetur. Sed ad ipsum iste voluptatem. Magnam nesciunt dolore veniam ea. Consequatur quo laudantium sit dolores.', 1, 2, '2022-08-28 05:19:12', '2022-08-28 05:19:12'),
(165, 'Kody Schiller', 'Luna Wolff', 'https://via.placeholder.com/640x480.png/004455?text=quasi', 'Inventore et et eveniet. Ea quis laborum eos ut nemo sint quia. Quod et ipsa et qui. Dolor ad eligendi et. Magni corporis odit sunt quam autem dolorem distinctio. Et suscipit est enim ea nam. Corporis illum quo reiciendis. Et qui porro quasi qui repellat ratione. Aperiam dolores nam necessitatibus ut facilis ipsam dignissimos quidem. Quas qui rem vel et laboriosam voluptatem. Molestiae quibusdam aut nemo vero enim. Pariatur explicabo velit atque. Excepturi ut deleniti repellendus ex deleniti dicta expedita.', 1, 4, '2022-08-28 05:19:12', '2022-08-28 05:19:12'),
(166, 'Thaddeus Nolan', 'Eudora Medhurst', 'https://via.placeholder.com/640x480.png/003388?text=qui', 'Dignissimos rerum nostrum necessitatibus ut. Iusto suscipit aut dignissimos qui. Et a aut ratione sit assumenda. Id enim voluptatum nihil natus consequatur. Adipisci qui in aut ipsa et quidem necessitatibus harum. Excepturi ut et cumque molestiae ut quas. At sequi explicabo consequatur aut et aut. Sunt enim et ea quidem repudiandae quod qui. Amet quidem est non. Sapiente iure libero voluptas aspernatur. Ea doloremque distinctio impedit explicabo recusandae.', 1, 5, '2022-08-28 05:19:12', '2022-08-28 05:19:12'),
(167, 'Prof. Johan Mohr', 'Cortney Mann', 'https://via.placeholder.com/640x480.png/009988?text=voluptatem', 'Qui doloribus quis et. Quia delectus quia veniam dolorum omnis dolores. Dolor rerum quas et voluptas. Earum unde distinctio praesentium sed illo ex. Eos atque ut quo sint non mollitia. Ut incidunt rerum culpa rerum et qui. Sed et cumque est eius nesciunt perferendis consequatur ut. Sunt rerum quidem nihil rem. Quia necessitatibus pariatur enim harum aspernatur error. Doloribus exercitationem iusto reiciendis doloremque. Ut totam eum harum sint eveniet earum veritatis. Dicta saepe eum eius culpa quae necessitatibus dicta. Incidunt repellat consequuntur sit nemo aperiam quisquam.', 1, 5, '2022-08-28 05:19:12', '2022-08-28 05:19:12'),
(168, 'Jannie Schinner', 'Dr. Stevie Haley', 'https://via.placeholder.com/640x480.png/008844?text=velit', 'Sint sunt ea omnis exercitationem. Ut ex et aut distinctio voluptas architecto velit aut. A eum consequatur molestias. A architecto enim doloribus quia. Corporis aspernatur reiciendis perferendis nesciunt eum dolores voluptas. Est molestiae facilis molestias atque corporis deleniti. Qui dolore amet accusantium pariatur cumque qui quibusdam. Quia maiores atque incidunt eius autem. Eveniet at distinctio aut sapiente cumque totam qui. Consequatur cum iste nobis qui quas saepe. Voluptatem maxime voluptate harum autem illo voluptatem consequatur. Et cum consectetur quis libero quam fugit.', 1, 2, '2022-08-28 05:19:12', '2022-08-28 05:19:12'),
(169, 'Julio Leannon', 'Savannah Schroeder', 'https://via.placeholder.com/640x480.png/00aadd?text=sed', 'Eum aliquid amet temporibus architecto tenetur nam nostrum. Esse voluptatem dolores hic. Facere odio id voluptatum quam nemo. Ut enim beatae debitis qui in magnam. Et iste voluptate et ea. Veritatis saepe inventore ex optio. Est iusto quas commodi dolor rerum est. Voluptas ut eligendi ut ut suscipit id repudiandae. Adipisci dolor veniam ut omnis. Aut dolorem reprehenderit quos delectus. Voluptas quidem nihil eos aspernatur aut quis dolores. Ut veniam sint id velit.', 1, 3, '2022-08-28 05:19:12', '2022-08-28 05:19:12'),
(170, 'Stanford Braun', 'Prof. Narciso Zieme IV', 'https://via.placeholder.com/640x480.png/00ee99?text=quibusdam', 'Nobis cum et non quo doloribus ex. Est qui quod autem delectus facilis reiciendis. Maiores quae consequuntur dolores consequuntur vero voluptatem eius a. Repellendus minus voluptatibus impedit adipisci cum non et quis. Eos inventore esse et est impedit cum facere. Et laboriosam similique aut quae ex. Tempore et atque modi ut perferendis iste in. Voluptatem voluptatibus perferendis laborum corporis quisquam fugit. Et et placeat possimus et. Id unde velit enim sint ut.', 1, 6, '2022-08-28 05:19:12', '2022-08-28 05:19:12'),
(171, 'Mrs. Mariam Shields', 'Geoffrey Beer', 'https://via.placeholder.com/640x480.png/00bb66?text=asperiores', 'Doloribus ullam qui possimus dignissimos. Quis aperiam laboriosam ad asperiores. Dicta soluta molestias consequuntur molestias necessitatibus assumenda. Iure minus amet recusandae quisquam voluptas. Qui expedita suscipit dolorem ad sapiente. Dicta architecto possimus dolore qui iure. Numquam illo quis sit quia. Quam harum mollitia laboriosam incidunt vero veritatis ducimus. Harum quia nihil soluta consequatur ut. Ea soluta voluptatibus minus reprehenderit eius. Consequuntur maiores repudiandae qui praesentium. Impedit non officiis cum eveniet sunt et vero id.', 1, 6, '2022-08-28 05:19:12', '2022-08-28 05:19:12');
INSERT INTO `posts` (`id`, `title`, `slug`, `image`, `description`, `user_id`, `category_id`, `created_at`, `updated_at`) VALUES
(172, 'Michael Weissnat V', 'Dr. Addison Heaney III', 'https://via.placeholder.com/640x480.png/006666?text=qui', 'Quos eos porro in eum aspernatur. Illo fugit placeat est magni dolore ducimus est qui. Fuga et adipisci corrupti fugit ipsa. Delectus veniam ut accusamus rerum excepturi illum. Quos aspernatur non ipsam omnis qui. Sint saepe quia deserunt. Quia ipsam ea nostrum ex. Eligendi ad ipsam pariatur dolore. Id molestias consectetur et ratione. Blanditiis repellendus qui et quidem delectus reiciendis quos. Quas et dolore ad error eaque repellendus velit omnis. Ut ea alias aperiam minus quisquam ut sed non.', 1, 3, '2022-08-28 05:19:12', '2022-08-28 05:19:12'),
(173, 'Monique Howe', 'Annabell Kiehn', 'https://via.placeholder.com/640x480.png/002200?text=provident', 'Magnam alias est eius aliquid. Quia repellendus quis fuga ipsum quae. Debitis voluptates reiciendis dolores consequuntur quaerat. Sit recusandae necessitatibus natus quis. Numquam at sit eaque facilis fugiat. Odio odio quidem ut sint soluta dolorem. Eveniet magnam in dolores quaerat voluptas vel. Eaque tempore debitis quia officia est inventore ea. Et quia rem enim vel ut. Repudiandae nulla aut aut. Nulla architecto atque fuga nesciunt et quia laboriosam.', 1, 1, '2022-08-28 05:19:12', '2022-08-28 05:19:12'),
(174, 'Malika Wiza', 'Preston Bahringer', 'https://via.placeholder.com/640x480.png/008822?text=quas', 'Recusandae vitae aspernatur inventore laborum aspernatur dolor recusandae. Magnam maxime quis sed optio adipisci pariatur. Cumque quia ea corrupti officiis. Sint quaerat distinctio repellendus accusantium eos enim. Modi hic ea id. Et ut necessitatibus qui a. Laboriosam perferendis cum rerum eaque. Adipisci eos et sapiente doloremque in voluptate earum. Qui laborum eum itaque optio aliquam impedit ad. Doloremque voluptas expedita sint voluptatem consequatur perferendis est et. Laborum temporibus iure est dignissimos sunt ut sunt.', 1, 3, '2022-08-28 06:53:14', '2022-08-28 06:53:14'),
(175, 'Mckayla Aufderhar', 'Oma Zulauf', 'https://via.placeholder.com/640x480.png/0088ff?text=ullam', 'Animi tempore assumenda distinctio quia. Et non aperiam voluptatem dolorum. Aut in qui aliquam atque qui aut eveniet. Enim eos corrupti fugiat voluptas quibusdam iusto et deserunt. Ea facere velit et. Debitis est dolores et eveniet. Qui et dolorem quidem voluptatum sapiente aspernatur. Illum accusamus autem qui quasi voluptatem. Quia vel officia quisquam soluta iusto repudiandae omnis. Ut aut velit blanditiis dolorem aperiam eum. Consequatur voluptatem earum iste unde aliquam est dignissimos. Est doloribus corporis neque laudantium vitae beatae quia. Vel veniam voluptas ut illum voluptate.', 1, 1, '2022-08-28 06:53:14', '2022-08-28 06:53:14'),
(176, 'Hilton Friesen', 'Prof. Riley Kuhic DDS', 'https://via.placeholder.com/640x480.png/00dd11?text=quia', 'Labore saepe quo perspiciatis sit. Sit aut quis impedit. Consequatur amet in assumenda ut. Non unde sint tempore reiciendis sit molestias. Et ratione et praesentium nulla aut earum possimus. Vel quis dolorem optio repellendus error odio et. Id facere provident consequuntur. Et rerum corrupti tenetur ut atque enim. Fuga id fugiat accusamus minus et cumque voluptatem esse. Recusandae itaque maiores nobis velit dolorem et. Id occaecati ut magnam sint. Ut inventore est consequuntur perferendis. Ipsa eos exercitationem vel eum id suscipit ut.', 1, 2, '2022-08-28 06:53:14', '2022-08-28 06:53:14'),
(177, 'Vita Bruen', 'Quinten Welch', 'https://via.placeholder.com/640x480.png/0055ff?text=dolor', 'Maxime quas qui et ratione ut aperiam. Quibusdam occaecati sunt ut minima placeat id eos. Aliquid voluptas ullam quo modi. Sint aut sint ducimus ipsam earum mollitia et. Rem doloribus soluta error at voluptates doloremque sit ad. Et ad ut ut voluptatem qui culpa. Consequuntur est sit id sapiente non ex. Ut quidem rerum dolorum hic quia eaque assumenda. Tempore magnam repudiandae et et expedita itaque ipsum. Fugit cum autem est placeat eius vitae. Alias corrupti nobis est consequatur.', 1, 6, '2022-08-28 06:53:14', '2022-08-28 06:53:14'),
(178, 'Fletcher Runolfsson', 'Derek Kling', 'https://via.placeholder.com/640x480.png/00ee66?text=quibusdam', 'Atque magni enim qui illo aut. Cumque officiis aut tempora ut quis cum. Eligendi unde labore in ad eos magni. Et molestias ad velit ipsam. Ratione sequi cupiditate dignissimos. Ex natus neque non qui et voluptas. Et rerum accusamus aut aut. A dolor ullam aliquam sapiente laborum. Id omnis esse tempore vero cum qui. Quisquam occaecati quia eius labore. Aperiam exercitationem aspernatur vel beatae consequatur sint. Itaque est et ut maiores repudiandae quasi impedit. Architecto sint vero dolor aut at.', 1, 2, '2022-08-28 06:53:14', '2022-08-28 06:53:14'),
(179, 'Brenna Leuschke DVM', 'Lloyd Krajcik', 'https://via.placeholder.com/640x480.png/0088ee?text=quas', 'Veniam sit asperiores recusandae. Voluptas eum nihil dolorem temporibus autem voluptatibus aperiam qui. Minus mollitia quia necessitatibus eos. In ex facilis enim suscipit ipsam qui. Vero ea voluptatum nemo eum perspiciatis hic provident pariatur. Architecto sunt dolores odit praesentium cupiditate ut vel. Repudiandae qui omnis molestiae ipsum qui. Molestiae repellendus et et nemo et ipsum accusamus laborum. Sit non aut illo vitae. Distinctio voluptas perferendis distinctio quam quasi consectetur eligendi rerum. Eos sequi animi veritatis et.', 1, 1, '2022-08-28 06:53:15', '2022-08-28 06:53:15'),
(180, 'Autumn Rohan', 'Prof. Amiya Olson DVM', 'https://via.placeholder.com/640x480.png/003344?text=in', 'Qui quasi facilis perferendis et ex quia fugit. Perspiciatis et nostrum quaerat aut. Nostrum sunt molestiae in sed qui nulla enim. Et dolor iusto sed qui veritatis aliquam. Fugit et dolorem ipsa impedit occaecati. Repellendus ut quidem ex nihil temporibus ipsa nihil et. Nostrum totam est voluptatem cupiditate veniam. Praesentium alias commodi nesciunt perspiciatis cumque rerum. Repellendus enim illum aut eos. Natus natus ut nulla in. Possimus laborum delectus maxime asperiores quod explicabo magnam. Qui id possimus fugit distinctio voluptas ut. Et enim harum non harum et porro possimus.', 1, 2, '2022-08-28 06:53:15', '2022-08-28 06:53:15'),
(181, 'Prof. Kendall Yundt PhD', 'Mr. Dallin Stehr', 'https://via.placeholder.com/640x480.png/00eecc?text=aliquid', 'Voluptas omnis earum quo explicabo incidunt omnis. Fugit dolor natus qui quia autem. Libero quo eveniet ad eligendi placeat et. Totam commodi sapiente quam nesciunt. Reprehenderit excepturi provident eos ut omnis. Nostrum necessitatibus illum nihil aut velit expedita. Est veritatis laboriosam expedita blanditiis. Enim iste est consequatur eum nisi repellat autem. Suscipit labore aut vel sit sed quis hic. Ducimus ratione et quam sit inventore ea. Sed vitae vitae similique quia corporis nisi.', 1, 5, '2022-08-28 06:53:15', '2022-08-28 06:53:15'),
(182, 'Rubie Smitham', 'Augustus Jenkins', 'https://via.placeholder.com/640x480.png/00ff66?text=facere', 'Sint provident vel illum consequatur sit. Autem perferendis et doloribus qui enim. Delectus blanditiis velit cumque rerum quia. Porro voluptatem nobis consectetur voluptas. Dolores voluptatem labore voluptas. Ratione vel debitis ea. Dolore unde magni aliquam autem. Voluptas qui beatae neque. Facilis ea omnis ullam non nesciunt molestias cumque. Voluptatibus error quia itaque eos. Sint quas dolor dolorum. Ducimus eum qui rerum soluta nostrum est dolorem ipsam. Et ut enim qui est nesciunt earum consequatur. Velit sunt occaecati officiis nemo maxime aliquid doloribus exercitationem.', 1, 2, '2022-08-28 06:53:15', '2022-08-28 06:53:15'),
(183, 'Maymie Haley', 'Reymundo Lemke', 'https://via.placeholder.com/640x480.png/00ee77?text=eaque', 'Est enim accusantium dolores veniam. Omnis autem earum dolorum incidunt perspiciatis minima. Neque laudantium non illo aut sapiente. Molestias ut vel dolor porro et. Fugiat sed tempora delectus sit doloremque voluptatem sint. Delectus fugit aut dolorem dolores excepturi. Eos sequi error temporibus amet in nihil. Porro illo distinctio omnis rerum. Recusandae ratione qui ipsum animi voluptates natus. Nam enim et voluptatum id. Perferendis aperiam enim et numquam esse. Libero eius dolore ut a possimus in. Sit iste nisi sed.', 1, 1, '2022-08-28 06:53:15', '2022-08-28 06:53:15'),
(184, 'Miss Kianna Labadie', 'Mr. Baylee Kutch', 'https://via.placeholder.com/640x480.png/009988?text=error', 'Labore consequatur tempora repellendus facilis tenetur dolorem ipsa perspiciatis. Aut est porro corporis quas perferendis rerum rerum ducimus. Nostrum in beatae at corrupti ut natus. Magnam blanditiis atque voluptatibus vel. Tempora ut molestiae rerum ullam perferendis adipisci assumenda. Architecto atque sit commodi voluptas. Quia consequatur id aut hic sint quis atque. Dolores enim nihil impedit id. Quos ducimus dolorem ut dolorem. Sit autem aut sequi ipsum eveniet sed enim. Enim repellendus sunt iusto inventore. Sint assumenda nihil sed eum eos dignissimos.', 1, 6, '2022-08-28 06:53:15', '2022-08-28 06:53:15'),
(185, 'Prof. Easton Schuppe II', 'Prof. Merle Emard', 'https://via.placeholder.com/640x480.png/00cc55?text=molestias', 'Accusamus consequatur odio sit recusandae itaque unde quia. Voluptas saepe deleniti cupiditate ut quis. Distinctio rerum ducimus et nulla natus. Omnis quia debitis officiis aperiam molestiae inventore mollitia. Id doloremque nulla consequuntur aut deserunt sint aliquam sunt. Cupiditate eum illo voluptatum. Et quia non nisi qui. Omnis est quisquam autem. Illo velit voluptatibus pariatur sit. Modi dolores veritatis molestiae et. Veritatis tempore quod sint doloremque eaque qui aut. Voluptatem quae aliquam eos totam eos molestiae quaerat.', 1, 5, '2022-08-28 06:53:15', '2022-08-28 06:53:15'),
(186, 'Jack Renner', 'Mrs. Alvina Connelly IV', 'https://via.placeholder.com/640x480.png/00eebb?text=sed', 'Nulla qui ipsum quo ut. Officia labore magni doloribus cumque. Quae eligendi explicabo doloremque quibusdam. Est vitae commodi sint. Officiis dicta voluptatem necessitatibus rerum ut culpa minima. Molestias labore assumenda sed iusto. Possimus deserunt modi qui velit sunt recusandae. A sint explicabo accusamus quis. Eveniet facilis odit voluptate aspernatur nesciunt nihil. Cupiditate eum doloremque eaque omnis quibusdam consequuntur consequatur dolores. Veritatis ipsam eos facere sed tempora corporis dolor est.', 1, 1, '2022-08-28 06:53:15', '2022-08-28 06:53:15'),
(187, 'Ebba Waelchi', 'Vivien Huel III', 'https://via.placeholder.com/640x480.png/002222?text=quis', 'Blanditiis consequatur quos maxime eaque magnam dolorum ipsa. Sit asperiores rerum occaecati et praesentium. Quibusdam esse rem ut assumenda itaque sit aliquid est. Inventore enim repellat impedit pariatur totam. Quos consequatur odit soluta voluptatum quia. Sint ut fuga nostrum omnis quas aspernatur. Atque voluptas eaque vero voluptatem praesentium atque error. Ab fuga cum laboriosam. In accusamus error qui eos voluptas illum quia. Neque dolor nihil at natus aliquid. Sed qui consequatur unde est perferendis.', 1, 2, '2022-08-28 06:53:15', '2022-08-28 06:53:15'),
(188, 'Prof. Orion Schinner DDS', 'Mrs. Aglae Halvorson', 'https://via.placeholder.com/640x480.png/009966?text=dolores', 'Dignissimos perspiciatis aut debitis qui voluptatem accusamus consequatur totam. Sed repudiandae et amet suscipit ipsum. Sint recusandae sint modi odit. Qui voluptates sunt iure id officia. Nulla quia autem qui aliquid eaque porro eum. Incidunt officia aut voluptatibus eligendi. Atque mollitia aut quis pariatur ab omnis amet. Et quia in beatae eius architecto est. Non qui neque molestias. Asperiores neque expedita molestiae vel qui. Doloremque fuga suscipit deleniti expedita et odio et.', 1, 4, '2022-08-28 06:53:15', '2022-08-28 06:53:15'),
(189, 'Annamae Weimann DDS', 'Mrs. Alva Kuhlman V', 'https://via.placeholder.com/640x480.png/004477?text=beatae', 'Doloremque fugit sunt repellendus dolores. Est cupiditate dolor consectetur sed aspernatur neque iure excepturi. Ut consequatur voluptate sunt vel hic. Enim vel autem laborum rerum. Esse minima voluptas qui similique aut. Quod ut numquam minus nemo. Nisi in voluptate maxime. Nihil odio ipsa sed iure nobis modi sit. Id non eligendi quisquam quos facere. Et vero iure distinctio. Cumque et rem ut perspiciatis quia similique autem. Et labore atque aut ratione amet est tenetur. Unde deserunt placeat ducimus iste id sunt mollitia.', 1, 4, '2022-08-28 06:53:15', '2022-08-28 06:53:15'),
(190, 'Mrs. Beulah Kuvalis V', 'Alanis Franecki', 'https://via.placeholder.com/640x480.png/003311?text=odio', 'Quas est aut voluptates autem. Quaerat id ipsam ut sed atque. Aut a possimus quod sint aperiam est sunt. Repellendus aut consectetur odio quos laudantium et quibusdam. Quod voluptatum maxime quasi asperiores. Quia non culpa fugit nulla doloremque a. Facere iste ea ex officia deserunt qui dolorem ullam. Architecto et odit laboriosam dolores doloremque nemo porro. Minus architecto doloremque eos ducimus et impedit. Qui dolorum voluptatem aut vel perferendis et est. Quae illum temporibus sit nobis consequatur itaque. Perspiciatis tempore id et fugit rem expedita.', 1, 1, '2022-08-28 06:53:15', '2022-08-28 06:53:15'),
(191, 'Eleazar Jerde', 'Jonathan Greenfelder', 'https://via.placeholder.com/640x480.png/00bb00?text=autem', 'Nemo et sequi pariatur magni non. Rem necessitatibus quia aut magnam. Dolor aut vero beatae in. Voluptas voluptas maxime nostrum dolorem est a rerum vel. Consequatur repellendus nam consequatur accusamus inventore. Eos asperiores id non. Qui sint adipisci nemo consequatur vero. Odit sint doloremque molestiae at natus. Et consequatur mollitia est. Ex nesciunt ea sapiente id. Quod repudiandae eius fugit. Dolores sunt maxime esse similique. Ab aut hic consequuntur officiis rerum perspiciatis. Quia voluptatem suscipit qui aut sint qui rem.', 1, 1, '2022-08-28 06:53:15', '2022-08-28 06:53:15'),
(192, 'Carmine Kuhn', 'Vella Rutherford', 'https://via.placeholder.com/640x480.png/0044ee?text=distinctio', 'Quasi similique dolore officia dolore mollitia aut. Fuga ipsum sed ullam distinctio esse. Qui nisi eum nobis et placeat distinctio. Amet ut quod iste et doloremque. Fugiat accusamus quis explicabo mollitia. Sed et corporis quia. Dolores omnis dicta et dolores et sit consequatur. Culpa nesciunt porro aperiam similique. Cum qui maiores mollitia enim sit. Tempora consectetur deserunt ut enim. Voluptas et quis ut explicabo. Non hic cumque dolorem distinctio tempore officiis et rerum.', 1, 3, '2022-08-28 06:53:15', '2022-08-28 06:53:15'),
(193, 'Samir Greenholt', 'Jasmin Hamill', 'https://via.placeholder.com/640x480.png/004400?text=quis', 'Aut natus et doloremque voluptatem ea nesciunt nulla. Repellat ut quisquam et neque. Dolorem quaerat iure itaque est. Soluta quas est quidem dolor qui molestias maxime. Ratione natus est officiis et voluptatem autem velit. Recusandae sed magni molestiae molestiae ut. Corrupti quae doloribus voluptatum porro. Voluptatibus inventore ut iure aperiam voluptatem et laborum. Temporibus quas non aperiam sed. Sed sed optio nihil omnis nihil libero. Hic dolores enim non consequatur perferendis minima. Eum aperiam fugiat non aut voluptatem nisi omnis quae.', 1, 2, '2022-08-28 06:53:15', '2022-08-28 06:53:15'),
(194, 'Prof. Isaac Balistreri', 'Hallie Bogan III', 'https://via.placeholder.com/640x480.png/009944?text=voluptatem', 'Repellendus consequatur aut nostrum dicta nam quas quis. Et occaecati quod nihil. Magnam ex deserunt est voluptas eligendi. Magnam qui enim illo beatae. Magni assumenda illum illo. Quis sit nihil ut et veritatis consequatur. Quod aut quae distinctio suscipit dolore atque. Possimus accusamus similique corporis debitis culpa. Voluptatum delectus perferendis molestiae ducimus ullam voluptatem possimus. Nesciunt non voluptates reprehenderit voluptatibus delectus. Tenetur quibusdam est recusandae voluptate voluptatem eos ullam.', 1, 4, '2022-08-28 06:53:15', '2022-08-28 06:53:15'),
(195, 'Ryan Kessler', 'Mr. Kade Mueller II', 'https://via.placeholder.com/640x480.png/005555?text=omnis', 'Quam eveniet corrupti corporis voluptatem libero ea nihil. Adipisci impedit et delectus consectetur. Qui quod et harum. Ut aut qui aut alias qui quae dolores aut. Itaque quaerat totam reiciendis commodi. Voluptatem aut ipsam iusto animi aut. Nisi modi laborum dolorem eaque corrupti alias tenetur. Necessitatibus voluptatem ratione ducimus quia ut non et et. At a qui est. Ipsum ut neque quas ea. Temporibus atque nihil sit enim. Incidunt error iste placeat itaque.', 1, 4, '2022-08-28 06:53:15', '2022-08-28 06:53:15'),
(196, 'Lilla Murphy', 'Henderson Dare', 'https://via.placeholder.com/640x480.png/0077ee?text=officiis', 'Fugit quo omnis non similique hic. Repellat fugiat rem tenetur aut. Cupiditate quia beatae reprehenderit aut. Corrupti ut accusamus aliquid consequatur veritatis quo. Eos non fugiat asperiores. Velit voluptatum non voluptates necessitatibus aut dolorum eum. Vitae ut aliquam magnam alias suscipit odit animi. Ut quibusdam ex numquam et dolore tempore et magnam. Aliquid eaque accusantium sit qui ex ut qui odit. Porro consequuntur eligendi molestiae earum sit quisquam cumque cupiditate. Provident tempora omnis consequatur dolorem.', 1, 2, '2022-08-28 06:53:15', '2022-08-28 06:53:15'),
(197, 'Mrs. Nettie Lowe V', 'Janessa Rempel DVM', 'https://via.placeholder.com/640x480.png/006666?text=nesciunt', 'Est sapiente autem ratione et non. Atque velit ut deleniti quia vel recusandae. Deserunt blanditiis maiores nihil dolores pariatur sit ipsum. Hic nam sed nihil aut autem quis consectetur. Sapiente quasi fugiat vero magnam repellat. Et dolorem odit velit vero omnis sint. Voluptates quia ut maiores perspiciatis fuga et. Nihil fugit laborum quam alias qui. Nemo maiores quia praesentium. Perspiciatis deleniti perferendis et quia odit minus. Tenetur fuga natus voluptas expedita modi labore tempore labore.', 1, 3, '2022-08-28 06:53:15', '2022-08-28 06:53:15'),
(198, 'Malcolm Batz', 'Ms. Laisha Hauck MD', 'https://via.placeholder.com/640x480.png/009922?text=dicta', 'Rem soluta animi qui dignissimos quasi eos. Dolor quas voluptates aut commodi cum et aut. Itaque repellendus nisi nam. Aut molestiae magnam quae fuga magni. Eum voluptate molestias at. Vero voluptatem veniam inventore excepturi sed. Minus dicta ab ut nam. Optio exercitationem ut officiis expedita voluptatem architecto. Et delectus non et. Repellat dolores esse eos distinctio alias sit enim reiciendis. Totam aliquid excepturi perspiciatis sunt cum quibusdam. Quidem corporis rerum libero.', 1, 5, '2022-08-28 06:53:15', '2022-08-28 06:53:15'),
(199, 'Jonatan Adams Sr.', 'Flossie Kovacek', 'https://via.placeholder.com/640x480.png/001144?text=nemo', 'Soluta rerum molestiae quas asperiores culpa. Iure excepturi soluta nihil temporibus voluptas sapiente. Eligendi reprehenderit sunt dolorum consectetur. Qui qui quia porro vitae expedita error. Placeat earum enim ratione. Veritatis dignissimos est saepe vitae nihil. Voluptatem repellat unde harum eos autem. Voluptatem omnis porro repellat. Eos voluptatem perferendis tempora. Facere doloremque perspiciatis perspiciatis enim consequatur laboriosam quae. Qui modi ratione saepe. Repellendus voluptas sint eaque hic reiciendis et similique. Maxime est maiores impedit corrupti est voluptatem.', 1, 2, '2022-08-28 06:53:15', '2022-08-28 06:53:15'),
(200, 'Arne Greenholt', 'Lon Lesch', 'https://via.placeholder.com/640x480.png/00ee22?text=reprehenderit', 'Sit totam deleniti iure excepturi dolorem. Rerum ipsam optio suscipit sed quo. Sapiente et earum consectetur adipisci debitis consectetur magnam. Incidunt inventore deleniti sequi sed dolorem debitis rerum. Eum ipsum necessitatibus ut excepturi vitae ut. Nobis dolores saepe et voluptatem omnis consequuntur tempore. Vel sit accusantium ex doloribus id fugiat. Et sequi in vitae et. Non ut veritatis in. Aspernatur vero et iusto ratione facere et unde. Corporis et asperiores magni dolore vitae perferendis ut.', 1, 2, '2022-08-28 06:53:15', '2022-08-28 06:53:15'),
(201, 'Elbert Kunde', 'Ms. Mckayla Lowe Jr.', 'https://via.placeholder.com/640x480.png/00aa77?text=at', 'Mollitia nihil doloribus et dolor debitis. Unde ipsam tempore corporis non cupiditate amet qui. Consequatur ea quas laborum quo quas impedit et. Impedit sed et deserunt eum. Doloremque quos placeat ab impedit. Mollitia quaerat consequatur nisi quae consequuntur fugiat. Earum provident dignissimos magnam sit minus dolor ut. Porro fuga illo aut atque quia illo. Sunt totam suscipit alias eligendi quia assumenda in vel. Aliquam et at facilis voluptatem debitis eum blanditiis. Reiciendis tempora aliquid delectus illo. Ut nesciunt qui nisi sunt et omnis facere.', 1, 4, '2022-08-28 06:53:15', '2022-08-28 06:53:15'),
(202, 'Jerry Bartoletti III', 'Shawn Schmeler', 'https://via.placeholder.com/640x480.png/0077bb?text=nostrum', 'Tempore et dolor laboriosam mollitia sed. Qui harum ut magnam saepe. Sunt voluptates ullam aut ex adipisci veniam. Eum est officia molestiae numquam itaque. Est quisquam dolores cumque earum non culpa et laudantium. Nulla eos laborum qui quibusdam voluptatem voluptates adipisci. Nisi voluptatem voluptatem molestias sit. Optio veniam voluptas ut non officia nisi. In dolorem veritatis laboriosam aut. Consequatur vel est sit. Repellat et doloremque libero rerum distinctio. Repellat rem sint aliquid dolor placeat accusamus ut. Esse voluptas qui itaque velit.', 1, 5, '2022-08-28 06:53:15', '2022-08-28 06:53:15'),
(203, 'Grover Gutmann DVM', 'Teagan Parisian', 'https://via.placeholder.com/640x480.png/0033bb?text=officia', 'Aspernatur ut excepturi voluptatum dolores et molestiae. Earum ab optio magni deserunt minima. Qui voluptas dicta ut quia exercitationem. Id doloribus ut suscipit eaque quia praesentium dolore. Dolores voluptatem sit molestiae nam. Recusandae ut minus dolor non blanditiis quis. Totam soluta iusto voluptatem illo sunt. Commodi et nulla impedit iure vero aut non. Magni officiis perferendis amet quasi commodi quia non labore. Animi laboriosam debitis velit. Vel voluptatem aut blanditiis. Delectus cumque nesciunt nesciunt natus placeat.', 1, 4, '2022-08-28 06:53:15', '2022-08-28 06:53:15'),
(204, 'Miss Marguerite Boyle DVM', 'Prof. Michel O\'Connell', 'https://via.placeholder.com/640x480.png/0044ee?text=hic', 'Ut omnis dignissimos ut qui quia. Ipsum praesentium quos repellat in. Ex veniam sit quod velit facere suscipit. Omnis laboriosam aut autem quod. Assumenda illo quis voluptates a error voluptas. Et est harum quis ratione voluptatem doloribus aut. At nulla commodi qui facilis ut incidunt illum aut. Dolorum quia quos quia eligendi. Et sed delectus dolorum quia eum labore. Ut alias ullam hic maiores est laudantium voluptates. Magni fuga enim natus voluptatem deserunt. Saepe aut a iste quidem dolor. Eos voluptatibus ex fugit nobis. Rerum autem vel sed molestiae facilis qui.', 1, 2, '2022-08-28 06:53:15', '2022-08-28 06:53:15'),
(205, 'Dakota Metz', 'Terrill Ritchie I', 'https://via.placeholder.com/640x480.png/0066dd?text=cumque', 'Illum voluptatibus qui et odio. Quia et exercitationem necessitatibus cupiditate voluptatem. Est quaerat ipsum qui et a. Quaerat repellat fuga exercitationem qui voluptatum quas. Sequi ut et atque quasi magni saepe quae. Necessitatibus ab labore asperiores explicabo autem quisquam ut. Dolores voluptas id sint eius ea provident omnis. Sint nam nihil est fuga hic voluptas beatae quas. Iste repellat vel sit aut sint sed.', 1, 1, '2022-08-28 06:53:15', '2022-08-28 06:53:15'),
(206, 'Arch Rempel', 'Jaylen Connelly', 'https://via.placeholder.com/640x480.png/0000aa?text=sequi', 'Molestiae veritatis et eius delectus. At soluta sint voluptatibus voluptatum doloremque amet unde quod. Molestiae cum quia quod molestiae. Enim et ipsum et voluptas eos. Non quod nam debitis enim nemo est. Nihil sed rerum minus fugit consequatur sapiente. Dicta qui quidem in ut quis ratione. Expedita perferendis ut molestiae sint. Est vero voluptatem et quasi laboriosam labore possimus. Et aut qui et dolorem numquam laborum facere aliquid. Officiis enim laboriosam est. Ut et dolor autem vel quia non. Praesentium voluptatem cumque quisquam debitis.', 1, 3, '2022-08-28 06:53:15', '2022-08-28 06:53:15'),
(207, 'Clifton Wuckert', 'Osborne Lebsack DDS', 'https://via.placeholder.com/640x480.png/00ffbb?text=exercitationem', 'Dolores vero qui consequatur iusto nostrum consectetur. Eum dolor qui consequuntur voluptatem dolor voluptatem nostrum rerum. Quo accusamus placeat hic quia. Repellendus ullam tempore qui fugit aut mollitia commodi. Excepturi placeat consequatur quibusdam qui. Iste a cum et adipisci ea totam vel. Laudantium aspernatur id est commodi accusantium quisquam sapiente explicabo. Mollitia veniam atque necessitatibus expedita. Explicabo perferendis placeat sit debitis autem nihil. Deleniti ut fugiat beatae error.', 1, 2, '2022-08-28 06:53:15', '2022-08-28 06:53:15'),
(208, 'Hassie Russel II', 'Karine Kuhn', 'https://via.placeholder.com/640x480.png/000044?text=sunt', 'Nesciunt quia et amet amet et in. Cum quis repellat est aut eos esse ut. In molestiae vero sint vel. Voluptas et ipsa id repudiandae vel sint quaerat. Non perferendis cum ea ducimus aut sed in. Odit aut dolor quidem commodi porro omnis nulla. Atque fuga odit consequatur consectetur. Ducimus eum doloribus eveniet iste dolorem tenetur. Adipisci ducimus omnis sed est. Nihil rerum asperiores praesentium quis nihil omnis vitae. Aliquid expedita ducimus sunt et vero. Voluptatem dolor molestias ab magnam ipsa ab.', 1, 3, '2022-08-28 06:53:15', '2022-08-28 06:53:15'),
(209, 'Prof. Darion Spencer DDS', 'Noemie Olson', 'https://via.placeholder.com/640x480.png/00ee99?text=enim', 'Adipisci dolores ipsam unde. Rerum eum molestias aut fugiat ipsam possimus eligendi. Pariatur odit hic ipsam eligendi mollitia error dolores dicta. Occaecati ut provident non blanditiis. Deleniti illo quae quia ut. Quo esse iure similique a illum. Distinctio labore architecto eligendi magni excepturi facilis qui beatae. Ipsa aut voluptatem voluptas et dolore est. Nihil numquam ea maxime quam enim excepturi deserunt.', 1, 6, '2022-08-28 06:53:15', '2022-08-28 06:53:15'),
(210, 'Aidan Hegmann', 'Paxton Altenwerth', 'https://via.placeholder.com/640x480.png/000011?text=rerum', 'Et nam et occaecati quasi. Eligendi sint placeat repellendus atque. Laudantium eos est qui eos quis id ipsa. Et et similique soluta quasi ducimus rerum veritatis. Adipisci qui quod ut fugiat exercitationem consequuntur. Quibusdam quibusdam esse officia dignissimos quis dolores. Sit minima quia mollitia omnis qui. Corrupti quo nam minus autem illo repudiandae. Occaecati id officiis vel est magni dolorem facere non. Vel aliquid nam deleniti excepturi a enim sint sit.', 1, 4, '2022-08-28 06:53:15', '2022-08-28 06:53:15'),
(211, 'Shemar Runolfsson V', 'Mrs. Providenci Heathcote', 'https://via.placeholder.com/640x480.png/00eebb?text=cumque', 'Voluptas ea et dolorem in ipsam iusto ratione. Saepe consequuntur officiis mollitia qui non consequuntur saepe. Aperiam suscipit nihil laborum ut aspernatur magni. A qui est porro non qui. Nulla dolores illum consequatur voluptatum. Exercitationem velit molestiae in alias iure hic. Qui debitis omnis non nostrum veritatis totam eos. Non perferendis porro quae rem recusandae autem id voluptates. Alias nostrum in sint nam fugiat. Atque nihil impedit rerum ut et nulla exercitationem aut.', 1, 1, '2022-08-28 06:53:15', '2022-08-28 06:53:15'),
(212, 'Mr. Bo Bergstrom DDS', 'Prof. Richmond Nader', 'https://via.placeholder.com/640x480.png/007722?text=velit', 'Provident aspernatur atque dolorem aut et. Temporibus odio id excepturi et exercitationem perspiciatis est. Labore voluptatem odio sit qui veniam. Consequuntur recusandae aperiam nihil ut esse quis iste. Aperiam debitis dolorum dolorum natus totam animi. Eaque rem aut occaecati dolore ad tenetur quis nostrum. Quia doloribus unde ipsa tempora. Facere commodi et reiciendis ipsam. Sint commodi id velit excepturi fugit. Hic facilis non doloremque a non. Magni veritatis blanditiis quaerat. Vero nisi accusamus ad doloribus.', 1, 4, '2022-08-28 06:53:15', '2022-08-28 06:53:15'),
(213, 'Vivian Leffler', 'Raven Oberbrunner III', 'https://via.placeholder.com/640x480.png/002277?text=ipsam', 'Dolores eos qui voluptatibus eum. Voluptas sed doloribus iusto tempora rerum in itaque. Fugiat et sit ea nulla. Temporibus animi magnam quo incidunt soluta aliquid est ea. Ipsa consequatur asperiores ut. Qui corrupti pariatur et tenetur minus eum. Magni architecto saepe animi maiores. Est dolorum ratione fugit a voluptatem et quis. Vero tempore voluptatum consequatur qui accusamus quam eum placeat. Aut aut earum quasi accusamus pariatur quasi.', 1, 2, '2022-08-28 06:53:15', '2022-08-28 06:53:15'),
(214, 'Prof. Webster Harris', 'Maeve Kemmer PhD', 'https://via.placeholder.com/640x480.png/008855?text=iure', 'Alias ut labore itaque repellat aut eos veritatis. Culpa tempore quidem omnis at. Praesentium iure omnis amet nemo unde et est perspiciatis. Dolorem voluptas rem voluptatem fugit et quis. Minima facere sed aut delectus id aut magnam ipsa. Qui assumenda explicabo error rerum. Provident ut neque adipisci qui non. Odio sunt et et quaerat voluptates officia vel vitae. Accusamus et vel illo placeat. Fugit et velit sunt dignissimos eos illum dignissimos.', 1, 4, '2022-08-28 06:56:29', '2022-08-28 06:56:29'),
(215, 'Mr. Andre Hartmann', 'Alanna Simonis', 'https://via.placeholder.com/640x480.png/0077aa?text=illo', 'Dolores tempora expedita ea sapiente. In et repellat cum quod iste reprehenderit eum saepe. Neque qui neque sequi ut natus. Necessitatibus necessitatibus sapiente vitae. Magni et ipsam assumenda. Voluptas ab inventore ad doloremque. Voluptates quia laboriosam expedita error harum. Esse unde odio id eius esse in omnis tempora. Atque aut aut adipisci dicta ea. Harum ipsum ullam ut qui. Quia ut architecto et quasi impedit quia. Quia et illo quia odit ex enim quia. Debitis distinctio in in aspernatur quo assumenda dolorem.', 1, 2, '2022-08-28 06:56:29', '2022-08-28 06:56:29'),
(216, 'Deron Leuschke', 'Jaiden O\'Kon', 'https://via.placeholder.com/640x480.png/004422?text=autem', 'Totam porro laudantium quo qui quam. Illum maiores architecto cumque vel. Qui molestias doloribus quo ducimus harum. Cum voluptas possimus delectus aperiam corporis expedita. Placeat a rerum sint officia tempore consectetur quae. Quam repellendus dolorum vel exercitationem quod facilis dolorem. Esse voluptate consectetur ipsum rerum est optio nostrum neque. Et qui cum quia explicabo et. Pariatur modi repellendus architecto. Vel unde facere voluptas corporis voluptatibus est atque. Occaecati aut ab nihil ea eveniet ut esse.', 1, 3, '2022-08-28 06:56:29', '2022-08-28 06:56:29'),
(217, 'Dr. Marguerite Bradtke', 'Mary Hermann', 'https://via.placeholder.com/640x480.png/00dd22?text=qui', 'Quia quia qui illum reiciendis. Dicta dolor sapiente aliquid enim qui ut. Harum sapiente vel inventore numquam dicta. Esse alias enim tempora deleniti totam vel. Officia sit minus dolorem ea. Nemo qui hic deleniti ut autem. Iste ea expedita architecto enim. Atque est rerum numquam dolores laboriosam officia sit quo. At nam officia iure ut quia. Itaque fuga minus quasi. Voluptatum consectetur ipsam ad nulla eaque. Ut enim architecto autem at. Amet fugit culpa asperiores. Praesentium non expedita vero pariatur illo velit amet. Quo neque in libero. Modi voluptas quos est sit quaerat ipsum a.', 1, 5, '2022-08-28 06:56:29', '2022-08-28 06:56:29'),
(218, 'Wendell Treutel Sr.', 'Miss Otilia Dibbert', 'https://via.placeholder.com/640x480.png/003311?text=tempore', 'Est aut animi deserunt vel qui officiis atque. Et neque eum velit nemo ducimus qui ut. Qui eos veniam accusantium sit. Cumque nihil et quia officia. Magnam ut nisi aut totam aliquam quo animi. Veniam dicta ut sit labore harum soluta. Qui perferendis est voluptates laborum ipsam exercitationem ipsa dicta. Totam illo omnis eum a autem esse ipsam et. Fugiat ut hic deserunt aliquid hic corporis. Magni esse temporibus veritatis quos. Qui iste quod asperiores molestiae.', 1, 4, '2022-08-28 06:56:29', '2022-08-28 06:56:29'),
(219, 'Webster McLaughlin', 'Guiseppe Hintz', 'https://via.placeholder.com/640x480.png/008888?text=sunt', 'Nihil dolorem minima esse consequatur temporibus expedita porro. Doloribus enim omnis vitae. Eos quo sapiente debitis dolores et. Consequatur est ea soluta consectetur. Necessitatibus repellat quidem odit eius quam ea. Excepturi quisquam est laborum ducimus. Rem enim rem non repellendus temporibus doloribus ab. Natus vitae voluptas iusto debitis. Vitae reprehenderit et in fuga ut ut. Esse voluptatem eius esse vel. In esse magnam assumenda aut est vitae suscipit.', 1, 4, '2022-08-28 06:56:29', '2022-08-28 06:56:29'),
(220, 'Ida Kemmer', 'Dino Kovacek', 'https://via.placeholder.com/640x480.png/00aabb?text=quas', 'Officia ullam et sapiente et voluptas quo ut. Quod molestias ut ut at voluptatum ut omnis. Earum dicta dignissimos eum labore. Reprehenderit nulla nihil dolorem et qui quos aut. Labore ut culpa veritatis porro eos assumenda est. Magni ipsam qui quae animi. Praesentium et vitae beatae deleniti officia mollitia eum. Sunt repellendus praesentium aut commodi est dolor nihil. Consequatur qui eligendi quis odit sapiente. Perspiciatis id tenetur eveniet ipsam sit quos. Tempora est eos suscipit voluptas laboriosam.', 1, 2, '2022-08-28 06:56:29', '2022-08-28 06:56:29'),
(221, 'Jonas Donnelly', 'Claudia Corkery', 'https://via.placeholder.com/640x480.png/0033aa?text=eos', 'Voluptatibus perferendis et dicta quos. Possimus quia nisi quasi reiciendis quia quo quia. Nam est delectus voluptas beatae beatae et aut. Sed veritatis maiores repudiandae ut et. Dolores eos qui autem alias. Quos fugit amet esse in aut voluptatem. Quo molestiae id sunt tempora sit doloribus ratione. Itaque ad sed dicta ea. Et corrupti sint earum atque perspiciatis. Porro ut consequatur dolores ad iure dolor nemo at. Sint qui voluptas perferendis officia voluptatem corporis perferendis.', 1, 4, '2022-08-28 06:56:29', '2022-08-28 06:56:29'),
(222, 'Isabella Becker', 'Marielle Pagac', 'https://via.placeholder.com/640x480.png/00ddcc?text=in', 'Eos maiores sed qui odit consequuntur ea. Sint nulla minima voluptatem excepturi. Itaque officia impedit reprehenderit hic. Voluptates modi sit officiis tempore fugit fugiat rerum. Optio magnam voluptate rerum est aspernatur. Aut quibusdam aut et rerum. Et veritatis ullam minus laudantium qui. Voluptatem dignissimos quia sit error at in. Et assumenda iure facilis harum qui. Vel explicabo fugit unde ipsa qui tempora. Est voluptatem quo possimus ut. Maiores similique magnam voluptatum quam fuga dolores.', 1, 4, '2022-08-28 06:56:29', '2022-08-28 06:56:29'),
(223, 'Ashlee Reinger Sr.', 'Marcelo McCullough', 'https://via.placeholder.com/640x480.png/0077cc?text=recusandae', 'Vel vitae placeat dicta quis velit. Repellendus sit quasi voluptatem est est iusto. Et dignissimos eum laudantium perspiciatis odio qui tempore a. Quaerat sit qui ipsa voluptate reiciendis fugiat aut. Voluptas officiis adipisci commodi. Reiciendis dolor nesciunt non ipsum consequuntur voluptatem enim nulla. Provident odit sed iusto quas quisquam et nam. Quos et quaerat repellendus ipsam maiores et temporibus a. Voluptas ab et consequatur non animi enim velit. Necessitatibus quasi blanditiis qui eos sit rerum. Voluptates vero iure dolorum minima perspiciatis aspernatur iste quis.', 1, 6, '2022-08-28 06:56:29', '2022-08-28 06:56:29'),
(224, 'Buddy Nikolaus PhD', 'Scarlett Brown', 'https://via.placeholder.com/640x480.png/004499?text=non', 'Culpa consectetur ut voluptatum laudantium eligendi facilis. Totam animi mollitia aut doloribus perspiciatis nemo. Magni voluptas assumenda corrupti ex ut id. Deleniti blanditiis modi accusamus quibusdam vel deserunt. Excepturi excepturi porro et perspiciatis facere voluptatem voluptate eos. Esse doloribus ut quibusdam dolore. Incidunt impedit nihil aut ut similique. Illo ipsam eaque velit inventore. Rem ut doloremque quasi possimus praesentium nostrum.', 1, 3, '2022-08-28 06:56:30', '2022-08-28 06:56:30'),
(225, 'Mr. Ted Satterfield', 'Rowland Senger', 'https://via.placeholder.com/640x480.png/004444?text=officia', 'Asperiores esse sint veniam quibusdam id necessitatibus rem. Deserunt illo modi quaerat suscipit. Delectus autem ut ut excepturi eos. Ad ut voluptatum dolores et alias alias. Optio ut expedita et reprehenderit necessitatibus. Quidem architecto enim suscipit rerum suscipit sit distinctio odit. Labore quae ipsa molestias. Error debitis illo error laborum. Quo a cumque cupiditate ipsum reiciendis. Necessitatibus vel est est impedit. Omnis nesciunt aut delectus exercitationem fugiat eaque. Delectus voluptatem exercitationem qui libero.', 1, 4, '2022-08-28 06:56:30', '2022-08-28 06:56:30'),
(226, 'Dejuan Hartmann', 'Dr. Pink Beatty V', 'https://via.placeholder.com/640x480.png/00dddd?text=expedita', 'Illum similique non quo. Sint non molestias animi aliquam possimus ut dolores tempora. Consequatur velit aspernatur quo nulla. Quia in id est velit atque. Cumque tempore omnis omnis et velit consequatur. Ipsum accusantium reiciendis nobis. Eveniet ratione totam in reiciendis odit est. Deleniti et et aperiam debitis provident. Voluptatem sed enim aut et optio sed. Numquam ut hic nihil consequatur officiis consequuntur. Nesciunt repellat quis est et blanditiis. Voluptatem ipsam error tempora consequatur consequatur.', 1, 1, '2022-08-28 06:56:30', '2022-08-28 06:56:30'),
(227, 'Providenci Stokes', 'Cayla Lang', 'https://via.placeholder.com/640x480.png/0022cc?text=aut', 'Excepturi soluta repellendus et qui. Et magni molestiae et distinctio molestiae ut quasi. Et magni consequuntur commodi quo. A eligendi quidem laudantium odio optio. Voluptatem qui deleniti delectus iusto iste soluta quasi. Nisi expedita quae atque voluptatem. Ab dicta dolorum assumenda nesciunt aperiam. Cupiditate laborum molestiae ratione sit nisi. Molestiae incidunt enim maxime eligendi. Sed et suscipit reprehenderit aperiam et fuga. Et beatae maxime vitae eius inventore doloremque. Odio vero deserunt enim eius sed.', 1, 5, '2022-08-28 06:56:30', '2022-08-28 06:56:30'),
(228, 'Mrs. Joyce Yost', 'Magali Brown', 'https://via.placeholder.com/640x480.png/00aa22?text=sit', 'Aperiam nobis itaque accusantium optio. Ut porro labore quo et autem temporibus. Dolor fuga adipisci reiciendis maiores quibusdam ut. Porro odit ut praesentium deserunt. Omnis nam optio tempore ipsam assumenda quos nesciunt officiis. Laudantium consequatur voluptas voluptatem eaque. Eius itaque ad dolores voluptas. Odit enim libero qui. Cumque vel maiores corrupti alias sit nemo consequuntur. Necessitatibus explicabo animi at accusantium aut mollitia. Voluptatem et non qui facilis corrupti odit maxime atque. Veritatis vel et ex est.', 1, 4, '2022-08-28 06:56:30', '2022-08-28 06:56:30'),
(229, 'Dr. Lupe Robel', 'Seth Huels', 'https://via.placeholder.com/640x480.png/003300?text=ratione', 'Id voluptas et doloribus laborum eaque animi quae. Illo qui eos non sapiente. Consequatur sed dicta laboriosam vero quibusdam. Saepe nobis et dolorum architecto ea sapiente et. Alias praesentium et cum beatae eius facere vitae vel. Possimus laudantium vitae laboriosam qui similique est vel. Molestias facere accusamus amet qui est quia eligendi. Quis dolores et veritatis quibusdam quam est. Aliquam omnis non fugiat nemo natus neque doloribus.', 1, 1, '2022-08-28 06:56:30', '2022-08-28 06:56:30'),
(230, 'Lorna Ratke', 'Georgiana Funk V', 'https://via.placeholder.com/640x480.png/001199?text=doloremque', 'Tenetur et odit illum molestias est iure deserunt. Distinctio quidem cum nam autem libero. Est et quo quidem aut aut voluptates adipisci. Labore optio esse aut ducimus. Sed voluptate soluta voluptatem voluptate asperiores. Dignissimos maxime laboriosam sed qui consequuntur accusamus consequatur beatae. Veniam magni ea ratione repellat id quo expedita. Animi quis et possimus nam. Quasi eligendi placeat molestias velit natus. Aut impedit natus et error officiis deserunt.', 1, 6, '2022-08-28 06:56:30', '2022-08-28 06:56:30'),
(231, 'Prof. Matilde Cormier DDS', 'Rey Kertzmann', 'https://via.placeholder.com/640x480.png/00ccaa?text=voluptatem', 'Vel dolorem at autem ut. Quia rerum sunt eos similique voluptate. Mollitia voluptates dolores eligendi veniam non repellat. Aut ex sunt illo quas enim excepturi unde consequatur. Laboriosam sed quo a. Non impedit blanditiis est rerum et. Consequatur odit et reiciendis modi minus nostrum placeat sed. Aut veritatis dolore ut dolorem. Est perferendis sed dolorem voluptas error praesentium. Ipsum facilis asperiores aut. Omnis nihil sed qui quo id minus.', 1, 1, '2022-08-28 06:56:30', '2022-08-28 06:56:30'),
(232, 'Sofia Ward', 'Imani Lowe', 'https://via.placeholder.com/640x480.png/007733?text=accusamus', 'Placeat deleniti dolores eum doloremque repellat et consequatur. Ad ut amet eos. Molestiae quam quasi omnis aut deserunt quo dolore. Amet facilis non recusandae nostrum rerum quia veritatis. Dolor eos et earum beatae. Reiciendis qui porro provident et. Recusandae laudantium distinctio enim autem nam est dolore. Tempora eos voluptas eaque eum tempore et quis. At odio adipisci enim ab qui unde. Ut praesentium consequatur totam sed non est consequatur. Eum beatae voluptate repellendus in aut. Necessitatibus aliquid facere numquam voluptatem amet. Pariatur qui non sit aut.', 1, 4, '2022-08-28 06:56:30', '2022-08-28 06:56:30'),
(233, 'Litzy Becker', 'Verla Maggio PhD', 'https://via.placeholder.com/640x480.png/00ddff?text=velit', 'Qui ab ea quia omnis. Reprehenderit ad inventore minus veniam doloribus consequatur. Dicta reprehenderit occaecati incidunt est. Magnam similique qui voluptatem magni illo aut. Autem inventore officia distinctio quis nisi et. Eius et voluptas consectetur nulla excepturi fugiat. Fuga quo nulla sunt dolorem. Illum nobis eum modi blanditiis sint dolor et porro. Dolorem voluptas adipisci qui odit.', 1, 1, '2022-08-28 06:56:30', '2022-08-28 06:56:30'),
(234, 'Mr. Tom Kohler Sr.', 'Prof. Lourdes Halvorson III', 'https://via.placeholder.com/640x480.png/000055?text=reiciendis', 'Voluptatum aut saepe dolorem nam delectus debitis. Similique aliquid earum sunt sed ut et nobis. Sed ut delectus aut blanditiis. Qui similique eligendi quis asperiores quasi inventore omnis hic. Officia at consequuntur sapiente voluptatem sint et. Tenetur et amet voluptatum hic cumque dignissimos. Et quod ut qui vel fugit sit. Eveniet ut dolores quaerat eius. Illum soluta excepturi inventore quibusdam incidunt. Id velit deleniti et recusandae minima aut maiores. Repellat et ea dolores et. Repellendus eius dolor repellat fugiat officia iusto porro. Et ab eos voluptates dolores sunt.', 1, 1, '2022-08-28 06:56:30', '2022-08-28 06:56:30'),
(235, 'Angelo Kuphal', 'Prof. Verna Cronin', 'https://via.placeholder.com/640x480.png/0022bb?text=sit', 'Eum sed consectetur ex quia aspernatur et eaque. Qui quos molestiae quis aspernatur sit. Qui occaecati aut animi. Dolores ex provident eum enim vitae. Quidem qui aliquid atque modi. Sapiente rem est mollitia harum eaque ut exercitationem. Illo ut similique ea eos illo. Quae explicabo voluptatem qui error neque. Fugit quo voluptatem fuga aut velit qui repudiandae. Et quia est aliquid delectus. Perferendis id explicabo temporibus fugiat et. Pariatur neque sit et rerum ea sit. Minima possimus occaecati ipsam quia. Harum quis rerum et sunt.', 1, 2, '2022-08-28 06:56:30', '2022-08-28 06:56:30'),
(236, 'Beaulah Swaniawski', 'Agustina Windler I', 'https://via.placeholder.com/640x480.png/008833?text=accusantium', 'Impedit a minus autem quam quos optio aut. Expedita quam accusamus asperiores quia voluptatem dolor a. Illo inventore nihil consequatur recusandae illum voluptas dolores. Neque et qui fuga qui. Velit nobis consequatur enim quis atque deleniti quaerat tenetur. Alias temporibus incidunt labore. Similique sunt dolorem tempore veniam animi. Sit quos voluptatibus voluptatem doloribus temporibus voluptatem exercitationem.', 1, 2, '2022-08-28 06:56:30', '2022-08-28 06:56:30'),
(237, 'Aniyah Rolfson', 'Myrl Schuster', 'https://via.placeholder.com/640x480.png/00cccc?text=ut', 'Voluptatibus quia quo aspernatur tenetur. Id blanditiis facere ab animi. Eos voluptates deserunt voluptate cupiditate voluptatem. Eveniet ex quia facilis ullam fuga. Earum voluptate quia perferendis necessitatibus enim possimus nihil. Perspiciatis ullam quisquam perferendis commodi quod. Qui voluptas nihil qui optio. Incidunt distinctio quis impedit iste occaecati. Adipisci aut accusantium harum nihil ex eius. Provident non non et vitae iure commodi non. Architecto error provident voluptas est nisi. Aliquid consequatur natus sunt fugit. Beatae ut illum voluptatem eum.', 1, 3, '2022-08-28 06:56:30', '2022-08-28 06:56:30'),
(238, 'Dr. Anais Daugherty Jr.', 'Jaquelin O\'Keefe', 'https://via.placeholder.com/640x480.png/00ee00?text=odit', 'Iure natus ab consequatur aliquid. Eos expedita aut qui facere sit. Culpa quae quibusdam aut expedita. Odio repellendus qui qui aliquid nobis perferendis vitae placeat. Sequi itaque eos quia dolor quia. Quo omnis voluptatibus officia fugiat. Architecto minus nihil voluptatem deleniti ea quos aut. Quis voluptatem sint eum fugiat eos. Delectus consectetur quos neque rerum. Ullam id consectetur sequi ipsa. Accusamus voluptatem voluptatem repellendus iusto. Dolor sit ab occaecati rerum magnam eius facilis.', 1, 4, '2022-08-28 06:56:30', '2022-08-28 06:56:30'),
(239, 'Oren Douglas', 'Clement Lakin', 'https://via.placeholder.com/640x480.png/00bbcc?text=est', 'Est animi qui recusandae. Doloremque vero repellendus distinctio quis quibusdam tenetur. Alias consequatur dolor architecto laborum. Quae vitae aut saepe eum error. Ullam sint autem itaque qui eaque. Ipsum labore magnam ipsum ut. Voluptatem et perspiciatis nobis rerum et est. Quod blanditiis atque quae iste aut. Atque et temporibus quibusdam exercitationem. Ipsam et dolore ab. Ea facere et architecto eligendi aut magnam itaque. Dolor praesentium facere aut consequatur. Tempora quo iste voluptatem perspiciatis. Corporis quia quibusdam nihil quis officia.', 1, 3, '2022-08-28 06:56:30', '2022-08-28 06:56:30'),
(240, 'Brenna Schmeler', 'Margarette Wiza', 'https://via.placeholder.com/640x480.png/008811?text=iste', 'Nam ut atque sed qui nihil nesciunt tempora. In temporibus maiores expedita consequatur quibusdam illo quo. Corrupti nihil sed exercitationem. Reprehenderit doloremque ipsa suscipit aut qui earum. Tenetur quia facere magni culpa animi veritatis eos. Omnis est exercitationem consectetur enim quod. Dignissimos ullam reiciendis molestiae fuga. Harum et voluptatem eveniet non impedit et quo. Culpa in aliquid quisquam tempora numquam. Vero omnis nemo quos voluptas doloribus ut vero facere. Numquam animi voluptatem provident veritatis aut.', 1, 4, '2022-08-28 06:56:30', '2022-08-28 06:56:30'),
(241, 'Ezequiel Goyette', 'Josianne Rath', 'https://via.placeholder.com/640x480.png/004422?text=eos', 'Optio molestiae pariatur doloribus et consequuntur accusamus molestiae necessitatibus. Veritatis modi deserunt voluptatem vel vel. Corrupti dolores voluptates sit consequatur. Corrupti libero aliquam hic provident et saepe et. Quia ut aut alias soluta odit nemo adipisci. Sunt voluptatem quod assumenda ex officiis dolore veniam. Voluptatum mollitia qui et illo sed. Omnis ut sit distinctio dicta sit qui. Quas libero deleniti adipisci explicabo.', 1, 4, '2022-08-28 06:56:30', '2022-08-28 06:56:30'),
(242, 'Yazmin Connelly', 'Ross Schmidt', 'https://via.placeholder.com/640x480.png/001144?text=error', 'Et delectus doloremque error aspernatur dicta quam sunt. Nisi ipsam tenetur nesciunt aut sed recusandae. Excepturi non aut praesentium rerum rem animi. Alias animi in labore accusantium. Est incidunt adipisci id vero quis. Et est sunt quisquam. Maiores quia repellendus ratione placeat necessitatibus. Architecto asperiores dolores maxime omnis in ut consequatur. Ratione ab autem numquam. Officia aut rem et culpa quaerat. Et aspernatur corrupti et sed et sed quisquam veritatis. Qui neque voluptatibus in molestiae. Voluptatem veritatis voluptas et ut beatae.', 1, 5, '2022-08-28 06:56:30', '2022-08-28 06:56:30'),
(243, 'Javon Littel', 'Zoe Klocko', 'https://via.placeholder.com/640x480.png/00dd88?text=consectetur', 'Eum deleniti reprehenderit optio expedita. Maiores ullam illum vitae officiis eveniet minus. Et quis occaecati quasi adipisci voluptas harum corrupti. Ut iste minus cupiditate aut. Fugit reprehenderit aspernatur beatae voluptatem. Provident voluptas nulla quidem cupiditate provident quod iste. Dolorem ut quaerat officiis provident voluptas error animi voluptatem. Eos voluptate delectus et. Occaecati placeat tempore vitae mollitia vitae cum. Ea qui occaecati fugiat omnis quam ducimus magnam sit. Voluptatem eum eum sit error accusamus tenetur adipisci.', 1, 4, '2022-08-28 06:56:30', '2022-08-28 06:56:30'),
(244, 'Magdalena Stoltenberg', 'Lyda Ruecker', 'https://via.placeholder.com/640x480.png/008833?text=sit', 'Quam ea praesentium ipsam natus voluptas dolores ipsam non. Voluptatem eos aut repudiandae et distinctio nam ex. Dolorum soluta facilis aut magnam officia. Quo placeat corporis necessitatibus vitae veritatis corrupti enim. Sit et et et non voluptatem. Natus reiciendis qui earum nam laboriosam quis quibusdam. Vel blanditiis recusandae magni quis quibusdam omnis repellat. Repudiandae ut minus aut itaque sed. At qui hic veritatis qui inventore eos distinctio. Et fugit quia maiores ipsum autem est. Quia mollitia recusandae iusto aut consequuntur doloribus. Voluptas ut modi similique sit est ut.', 1, 4, '2022-08-28 06:56:30', '2022-08-28 06:56:30');
INSERT INTO `posts` (`id`, `title`, `slug`, `image`, `description`, `user_id`, `category_id`, `created_at`, `updated_at`) VALUES
(245, 'Dylan Senger DDS', 'Burnice Powlowski', 'https://via.placeholder.com/640x480.png/00ee00?text=dolores', 'Ea cumque quia consequatur quia sed sunt. Fugiat qui dolor tempora minima laborum amet. Eveniet rerum iure consequatur sunt dolorem debitis. Ad non temporibus neque magnam dolore. Reprehenderit et et corrupti in vero. Qui aliquam aspernatur ipsa culpa excepturi iure. Earum ipsum doloremque dignissimos. Dolore nesciunt exercitationem repellat voluptatibus illo. Nihil non eveniet mollitia quibusdam aliquid. Et est doloribus minima blanditiis. In blanditiis sed veritatis atque totam.', 1, 1, '2022-08-28 06:56:30', '2022-08-28 06:56:30'),
(246, 'Stephan Lynch', 'Jarrett Greenholt PhD', 'https://via.placeholder.com/640x480.png/00aa66?text=non', 'Qui laudantium omnis in ut sint quisquam. Quas nobis non nostrum. Sunt illum sit cupiditate. Vel non nemo sunt ipsa possimus quaerat eos. Ab beatae quia voluptate quam est totam veniam. Magnam esse sint accusantium consectetur sapiente. Nihil beatae temporibus dicta ea et et. Dolorem cum accusamus est sint placeat est omnis necessitatibus. Quo omnis hic vel illo sed omnis eveniet. Omnis quisquam eveniet placeat facere deserunt fuga excepturi atque. Et possimus vel sint incidunt consectetur dicta fugit non. Magnam ratione aperiam nesciunt iure vel et autem dolor.', 1, 6, '2022-08-28 06:56:30', '2022-08-28 06:56:30'),
(247, 'Vivianne Bechtelar', 'Dr. Leatha Zemlak', 'https://via.placeholder.com/640x480.png/00cc33?text=sunt', 'Omnis dolorem itaque molestiae. Sit minus labore ut et est id. Enim aspernatur non non et cumque id dolore. Provident illo et mollitia labore aut sit repellat. Recusandae sit aliquid quia dolorum eius reiciendis perferendis. Et et voluptas dolor aut reiciendis. Unde hic assumenda repudiandae delectus similique reprehenderit ut. Molestiae eum dolores doloribus sint. Iure inventore non est veritatis quibusdam. Sit aliquam et neque molestiae. Sequi nulla earum cum a odio corporis. Adipisci sint ut ratione quis laboriosam dolorem. Dicta molestiae sint velit culpa est.', 1, 4, '2022-08-28 06:56:30', '2022-08-28 06:56:30'),
(248, 'Bailey Kris', 'Angel Weimann', 'https://via.placeholder.com/640x480.png/0044aa?text=modi', 'Aut aperiam quia distinctio. Dolores dolorum voluptate rerum dolorem quia velit. Aut sit eveniet corrupti asperiores. Nihil saepe quaerat non officia. Eveniet officiis doloremque voluptatem explicabo delectus non ullam. Sed autem quia consequuntur eaque dolor et nulla. Nam vel cum modi quidem at sit placeat. Quae voluptatibus autem autem dolor doloribus autem dolor dolorem. Eveniet cupiditate sequi ducimus.', 1, 1, '2022-08-28 06:56:30', '2022-08-28 06:56:30'),
(249, 'Clare Kunze Jr.', 'Prof. Harry Hills', 'https://via.placeholder.com/640x480.png/002255?text=qui', 'Non eaque odit harum nostrum inventore excepturi quo. Amet fugit voluptates occaecati. Deserunt esse tempora consequatur ut quia consequuntur. Molestiae nisi quidem officia quia. Numquam ducimus veritatis veritatis quia modi. Rerum maxime eum similique. Aperiam recusandae assumenda ullam et quia dolores perferendis. Veniam esse est aut amet maiores non. Sapiente sed nobis et beatae sunt saepe. Veritatis deleniti beatae nemo. Distinctio atque eum et est cum vel. Corporis enim ut ut modi repudiandae porro corporis.', 1, 2, '2022-08-28 06:56:30', '2022-08-28 06:56:30'),
(250, 'Ms. Aurore Robel', 'Oceane Kuphal Jr.', 'https://via.placeholder.com/640x480.png/00ffcc?text=qui', 'Ut voluptate illo eligendi officiis velit. Deleniti sit minima animi earum ipsa aut laboriosam ullam. Recusandae rem illum quas accusantium expedita. Qui ea eos deleniti omnis. Nam doloribus blanditiis minus. Quod et sit sapiente. Corrupti maiores eligendi ut hic expedita provident. Maiores et occaecati cupiditate aspernatur deleniti omnis veritatis. Numquam et quo ea aut. Sint quo ducimus vitae dolore. Cupiditate ut minus repudiandae. Laudantium tenetur omnis labore veritatis debitis qui et qui. Labore quia maxime porro quos.', 1, 1, '2022-08-28 06:56:30', '2022-08-28 06:56:30'),
(251, 'Herminio Kerluke', 'Hazle Fisher Jr.', 'https://via.placeholder.com/640x480.png/002222?text=tempora', 'Ea quasi minus non praesentium cupiditate. Nam delectus recusandae quasi unde. Qui dolorum accusantium est ratione sint qui quasi voluptas. Et qui eum animi laborum sapiente quo. Aut nihil laborum ut debitis ducimus perferendis voluptas. Accusantium ut quod provident non fuga. Cum deserunt est consectetur voluptas. Consequuntur ex rerum molestiae sit provident deserunt iusto. Provident ducimus et magnam totam architecto ab. Aperiam perspiciatis modi enim modi. Est ab debitis odio vel minima deserunt.', 1, 5, '2022-08-28 06:56:30', '2022-08-28 06:56:30'),
(252, 'Malcolm Fadel', 'Felix Franecki', 'https://via.placeholder.com/640x480.png/004433?text=dolor', 'Qui impedit est ratione nam. Officiis minus adipisci non unde tempora accusamus. Neque sed et qui et sit omnis officia. Sint totam ut doloremque similique libero totam aspernatur. Veniam voluptatem rem sapiente ut. Quia aut maxime nesciunt et veritatis deleniti ad. Ut et est dolorem. Accusantium non magni fugit est dolore odit doloribus. Qui enim modi qui repellendus culpa libero. Odio cum minima inventore ratione. Culpa sunt culpa perspiciatis asperiores quia cupiditate. Saepe cum qui id qui et ipsam. Laboriosam delectus non rerum nisi earum aperiam doloremque.', 1, 5, '2022-08-28 06:56:30', '2022-08-28 06:56:30'),
(253, 'Prof. Emory Ullrich', 'Art Crist Jr.', 'https://via.placeholder.com/640x480.png/007700?text=quis', 'Quia velit sunt perspiciatis est. Ratione enim in et blanditiis. Tempore aut beatae aut est. Quo iste dolore consequatur eum vel consequuntur. Dolor quo quidem harum debitis est. Cupiditate placeat amet totam dolores. Explicabo tempora accusamus tempore quas est et nihil. Quasi ipsam at quis modi nemo. Enim illum at voluptas dolor molestiae sit hic. Facilis nihil quod eius harum totam esse. Omnis voluptatem dignissimos doloribus dolores repellendus. Eos est dolor sint omnis. Temporibus iste ipsa consequuntur quia sit eligendi. Ab ea soluta quisquam laboriosam labore pariatur quae.', 1, 1, '2022-08-28 06:56:31', '2022-08-28 06:56:31'),
(254, 'Prof. Kaia Zboncak', 'Dr. Jaylon Becker DDS', 'https://via.placeholder.com/640x480.png/00cc66?text=aspernatur', 'Nemo ut qui laudantium at qui officia. Reiciendis voluptatem sapiente mollitia omnis illo saepe. Numquam eaque asperiores numquam corporis ut iusto quae. Recusandae aut exercitationem et dicta quaerat iusto. Nostrum modi velit sed vitae ut quibusdam. Repellat illo inventore magnam qui quia placeat neque distinctio. Dolorem voluptas earum voluptatem quasi id nostrum in. Quo est sit ullam dicta et doloremque iste. At assumenda repellendus voluptatem nisi excepturi eligendi.', 1, 1, '2022-08-28 06:56:33', '2022-08-28 06:56:33'),
(255, 'Kathlyn Romaguera', 'Ari Bergstrom', 'https://via.placeholder.com/640x480.png/004411?text=ducimus', 'Libero doloribus natus error quia hic. Dicta quia ut ut adipisci placeat. Ut voluptatum impedit sint temporibus ea. Eum illo cumque eligendi suscipit maiores quia. Pariatur nihil qui in. Consequatur vel quo voluptatem. Eligendi qui dolorem tenetur qui nulla ipsam. Et officiis sunt autem sunt. Veniam sit delectus omnis. Id repudiandae nemo soluta. Minima in illo accusantium porro consequatur consequatur asperiores. Impedit est voluptatem velit earum cum aspernatur consequatur. Voluptas repellat voluptates voluptatem et vero. Vitae est delectus omnis ut pariatur.', 1, 4, '2022-08-28 06:56:33', '2022-08-28 06:56:33'),
(256, 'Alena Weber', 'Kelley Dooley III', 'https://via.placeholder.com/640x480.png/0099bb?text=maxime', 'Sequi id sint excepturi labore consectetur. Sequi vel ut voluptatum ad veniam. Error non quia voluptatem saepe sed perspiciatis. Facilis in delectus repellendus qui inventore ratione. Eum deserunt ducimus sapiente dicta. Praesentium suscipit et qui quia aut quia. Totam ut qui quos. Nobis alias repellat corporis culpa. Numquam saepe quia recusandae saepe debitis accusamus. Dolorem voluptatum qui sunt nobis repellendus fuga. Nemo qui necessitatibus facilis repudiandae. Suscipit sit consectetur assumenda error dolore consequatur corporis quos. Molestiae et non laudantium vitae.', 1, 6, '2022-08-28 06:56:33', '2022-08-28 06:56:33'),
(257, 'Dr. Thaddeus Jerde V', 'Rosario Greenholt', 'https://via.placeholder.com/640x480.png/0022ee?text=aut', 'Est facilis perspiciatis voluptatem ea ea molestiae doloribus eum. Tempora assumenda ex veniam deserunt deserunt nemo blanditiis. Minus a dolorem qui qui enim. Rerum sed voluptatem aliquid. Blanditiis magnam molestiae sed doloribus. Ut dolore quas aut qui. Nam et omnis reprehenderit ut ducimus. Tempore sint reiciendis et voluptas eum. Aut quis dolor aut quisquam modi quibusdam. Blanditiis rerum blanditiis expedita non odit.', 1, 2, '2022-08-28 06:56:33', '2022-08-28 06:56:33'),
(258, 'Miss Mona Jacobs', 'Alfred Bogisich', 'https://via.placeholder.com/640x480.png/00aa00?text=voluptatibus', 'Quasi eveniet sed earum. Quod voluptate est autem aut. Et omnis id repudiandae molestiae beatae. Voluptate provident dolor tempore pariatur omnis et aut voluptatem. Rerum laboriosam consectetur quam omnis consequuntur vel. Hic doloribus officiis voluptatem velit doloremque tempore. Quibusdam laborum quia corporis voluptas debitis molestias sint. Blanditiis voluptatibus quod vero corporis. Veritatis quasi nam facilis vitae.', 1, 5, '2022-08-28 06:56:33', '2022-08-28 06:56:33'),
(259, 'Lauriane Rolfson IV', 'Eliseo Kohler', 'https://via.placeholder.com/640x480.png/00dd33?text=quaerat', 'Rem incidunt sed qui fuga. Itaque minus est aut quia aut. Labore alias architecto sit. In consequatur molestiae nam et minus cupiditate magni. Ut delectus sequi eum laborum consectetur. Nam provident et qui enim molestias. Magni sed nulla explicabo. Nisi vel sed recusandae exercitationem consequuntur veritatis. Ut rerum odit sunt ut sed. Vel officia doloribus at alias possimus numquam. Voluptatum repellendus temporibus voluptatem porro.', 1, 2, '2022-08-28 06:56:33', '2022-08-28 06:56:33'),
(260, 'Alaina Schmidt', 'Adolph Schoen Sr.', 'https://via.placeholder.com/640x480.png/001122?text=reprehenderit', 'Vel dicta enim sequi nobis. Facilis est fugiat quia labore. Aliquid autem dolore accusantium fuga non. Mollitia dolore qui ea minima mollitia quia non. Voluptatem id sit eum voluptate ut et non. Ut illo molestias ipsa reiciendis culpa. Doloremque labore ut sed soluta. Aspernatur dolor suscipit facere saepe odio. Maxime soluta id voluptas blanditiis aut. Deleniti nulla ut qui dolorum occaecati doloribus. Numquam qui ad corrupti fugit ipsam labore quod ea. Veniam velit iusto molestiae sit fuga provident.', 1, 4, '2022-08-28 06:56:33', '2022-08-28 06:56:33'),
(261, 'Alice Osinski', 'Llewellyn Flatley', 'https://via.placeholder.com/640x480.png/004444?text=neque', 'Eius quia debitis delectus. Praesentium laboriosam consequatur ea ut voluptas iste. Culpa velit placeat quo officia sequi nihil nobis. Sed aperiam illo sed numquam quas. Harum dolorum voluptatem sed quisquam. Aperiam sit eligendi quos quis ullam quis qui nulla. Molestiae voluptatem ex nulla dolorem laboriosam quia animi. Doloremque a rem perferendis rerum dolorum in. Consequatur deserunt dolores tenetur tenetur. Saepe repellendus commodi laudantium ipsa harum. Sit quia vero quia hic labore architecto.', 1, 6, '2022-08-28 06:56:33', '2022-08-28 06:56:33'),
(262, 'Monserrat Green III', 'Therese Schoen', 'https://via.placeholder.com/640x480.png/00aa88?text=dignissimos', 'Vel suscipit quo soluta eveniet debitis omnis. Ducimus rerum commodi nesciunt eius. Et nihil in eum non quia fuga. Labore culpa dolor ratione modi deserunt. A laborum nam expedita provident. Accusantium illum sunt sapiente soluta. Cum facere dolor laboriosam. Ea quod earum culpa qui minima nulla laborum. Sint vero aliquam dolores et dolorem qui. Illo qui delectus occaecati explicabo.', 1, 6, '2022-08-28 06:56:33', '2022-08-28 06:56:33'),
(263, 'Isom Schimmel', 'Miss Ivy Welch V', 'https://via.placeholder.com/640x480.png/003333?text=est', 'Fugit incidunt rerum voluptas. Ab eum molestiae dolor sed voluptatem voluptas id. Est exercitationem et voluptas fugit. Cum sunt repudiandae culpa assumenda sed. Nemo accusamus voluptate occaecati sit reiciendis ea. Quibusdam quam ut ab quae nobis aliquam aut. Voluptatem quasi est enim error. Dicta quidem culpa nesciunt culpa quo minus. Voluptas voluptatibus provident non ullam sit non velit. Perferendis nulla omnis eaque reiciendis. Et neque adipisci impedit dolores voluptatem deleniti.', 1, 5, '2022-08-28 06:56:33', '2022-08-28 06:56:33'),
(264, 'Domenica Hahn', 'Jerod McCullough MD', 'https://via.placeholder.com/640x480.png/0011aa?text=aut', 'Exercitationem autem aut animi quod magni quibusdam sed. Veritatis impedit ullam rerum. Quia omnis et dolorum et doloribus reiciendis. Ad sunt nisi delectus aut quod distinctio. Ea asperiores at explicabo magni. Quo dolorem nam nesciunt molestiae ipsam. Aperiam amet occaecati magnam officiis. Eaque tempora aut deleniti sit omnis expedita cupiditate esse. Praesentium harum saepe quis. Voluptatibus odit officia ab quas. Sequi odit vel dolores molestiae. Ad dolores consequuntur qui voluptates. Eveniet error dolorum et nihil nobis officiis. Nesciunt nostrum animi in nesciunt.', 1, 4, '2022-08-28 06:56:33', '2022-08-28 06:56:33'),
(265, 'Alexandria Reilly', 'Susanna Buckridge II', 'https://via.placeholder.com/640x480.png/00bbdd?text=rerum', 'Sunt minima illo nulla placeat eos suscipit asperiores. Accusantium quia dolorum recusandae. Quia omnis inventore mollitia quae aut dolorem. Qui quam delectus doloribus dolores repellat. Vero est et ratione recusandae blanditiis voluptatem. Magnam eaque ea dolores commodi omnis esse. Facere animi quia doloremque placeat placeat tempora. Sit occaecati aperiam sint consequatur laborum. Nobis itaque tempore molestiae id. Est neque voluptate nihil. Nisi harum et esse eum.', 1, 3, '2022-08-28 06:56:33', '2022-08-28 06:56:33'),
(266, 'Allen VonRueden', 'Dr. Regan Jenkins', 'https://via.placeholder.com/640x480.png/00ff55?text=blanditiis', 'Non sunt voluptatem tempore et incidunt. Quaerat illo laudantium perspiciatis doloribus. Et id optio suscipit. Ea odit vel itaque totam sed est nesciunt sit. Dolore dolore fuga dolores voluptatem. Vero voluptatibus ipsum dolor aut adipisci pariatur. Est saepe quis odio. Unde ad eos et modi eaque eligendi. Nesciunt quia libero sed ut tempora rerum porro. Cupiditate nemo esse enim ut officia dolorem magnam. Earum ea laborum velit molestias. Tenetur laborum magnam possimus natus nihil.', 1, 6, '2022-08-28 06:56:33', '2022-08-28 06:56:33'),
(267, 'Ms. Gwendolyn Schaden Sr.', 'Mrs. Alfreda Jakubowski', 'https://via.placeholder.com/640x480.png/000033?text=inventore', 'Dolore sed libero et voluptatibus perferendis aut culpa nulla. In consequatur et et autem vitae fuga. Voluptatum et sunt sed culpa et nemo sit. Eius esse reprehenderit omnis fuga. Dolores maxime harum eveniet earum omnis et similique et. Temporibus iste labore eveniet veritatis. Odio officia ab voluptates porro. Autem nemo doloremque officia iure qui commodi placeat. Maiores aperiam voluptate non quae corrupti. Aperiam delectus voluptas esse.', 1, 5, '2022-08-28 06:56:33', '2022-08-28 06:56:33'),
(268, 'Annalise Schroeder', 'Annabel Lemke', 'https://via.placeholder.com/640x480.png/0077ff?text=vitae', 'At quas pariatur voluptas consequatur quod. Et explicabo nisi placeat ipsum. Consequatur velit nisi fugit. Quisquam sit in corporis. Harum nemo numquam deleniti eum quia quas. Aut aut aperiam sunt quasi neque. Voluptatum consequatur alias laudantium quae rerum. Eaque distinctio ut accusantium in ratione. Enim architecto non ducimus quia vero. Sapiente culpa voluptates est. Delectus itaque quod et voluptatem. Iure et et et nihil. Eveniet in ut voluptatem modi.', 1, 6, '2022-08-28 06:56:33', '2022-08-28 06:56:33'),
(269, 'Berneice Klocko', 'Shaun Watsica', 'https://via.placeholder.com/640x480.png/00dd11?text=aut', 'Quos rerum possimus nihil velit fuga neque accusantium. Quia unde qui cupiditate quia qui. Assumenda et quae quaerat vitae veritatis voluptatibus possimus. Aut reiciendis et earum maiores. Ipsum non quaerat maxime est. Facilis voluptatem nesciunt nobis voluptatem earum ex sunt. Ut deleniti quos eum modi sunt ut et. Qui necessitatibus dolorem dolor est rem. Sed sequi voluptas voluptas impedit dicta ut culpa. Quo cupiditate sit inventore reiciendis qui. Omnis dignissimos architecto officiis repudiandae beatae vel tempora. Omnis dicta ut enim consequatur delectus.', 1, 3, '2022-08-28 06:56:33', '2022-08-28 06:56:33'),
(270, 'Trent Wehner', 'Annamae DuBuque', 'https://via.placeholder.com/640x480.png/006677?text=dolores', 'Ex ut quia voluptate aut dicta maiores possimus. Et eum accusantium non. Asperiores ipsa sed soluta nam nihil et ex aut. Eum ab iste a non. Voluptatem voluptatem nostrum consequatur sit eos. Quibusdam velit ut et exercitationem optio ipsa ut quae. Sapiente maiores quod necessitatibus. Aut praesentium mollitia nesciunt. Qui excepturi praesentium ut. Veritatis rerum vitae maiores quas repudiandae. Cupiditate eum pariatur ut nulla iure quas exercitationem. Quia architecto possimus quia sit. Nisi eum quidem ut eligendi aut. Blanditiis maxime deserunt quisquam dolores veniam ducimus.', 1, 5, '2022-08-28 06:56:33', '2022-08-28 06:56:33'),
(271, 'Dr. Adella Ondricka', 'Mr. Collin Bartell DVM', 'https://via.placeholder.com/640x480.png/000011?text=et', 'Harum at maxime temporibus ad cupiditate molestias. Sit excepturi odit officiis expedita voluptatem. Adipisci amet et eum exercitationem. Sed exercitationem eum cumque. Dolorem necessitatibus magnam cupiditate doloremque consequatur minima. Id accusantium laudantium maxime illum tenetur. Sed nihil voluptatem culpa tempore tempora dolore est. Non occaecati harum aut ipsum. Eveniet amet odit sint quam repudiandae amet iusto eveniet. Saepe impedit distinctio vero quis. Reprehenderit nihil dignissimos non ut alias ea corrupti.', 1, 5, '2022-08-28 06:56:33', '2022-08-28 06:56:33'),
(272, 'Dr. Alexa Zulauf', 'Prof. Jamey Zemlak DVM', 'https://via.placeholder.com/640x480.png/006677?text=numquam', 'Distinctio vel sapiente pariatur sint nemo. Sapiente est ipsa facere corrupti autem. Unde vero a aperiam quibusdam sapiente beatae atque et. Facere quod et aut laborum. Non ipsa et nam qui velit hic tenetur. Impedit eos molestiae eos dolore officia qui itaque. Nisi non facilis aut est et. Aut quia incidunt voluptatem aliquid id voluptatem veniam ipsum. Doloribus soluta qui impedit aliquid quam adipisci architecto. Optio enim inventore sunt.', 1, 4, '2022-08-28 06:56:33', '2022-08-28 06:56:33'),
(273, 'Dell Auer I', 'Yessenia Mosciski', 'https://via.placeholder.com/640x480.png/00aadd?text=id', 'Et laudantium voluptas qui quo assumenda. Dolor excepturi porro ipsa minus. Deserunt impedit voluptatem a ut. Aut magnam qui quas nulla qui fugit. At ab veniam aperiam eum necessitatibus et. Aut modi corrupti vitae quis voluptate. Molestias amet voluptatem hic dolores. Consequatur labore dolorum impedit facere. Enim est ab eum in cupiditate nihil. Magni et autem consectetur ipsa magnam reprehenderit. Aspernatur ratione culpa cupiditate ipsam consequuntur ut odio. Error tempore atque aliquam dolore.', 1, 2, '2022-08-28 06:56:33', '2022-08-28 06:56:33'),
(274, 'Prof. Bertram Hudson DVM', 'Clara Reichel', 'https://via.placeholder.com/640x480.png/00bb99?text=eum', 'Voluptate modi est minus iusto error eum quidem. Dicta cum quo culpa laboriosam. Ipsam ut esse voluptate. Consequatur beatae dignissimos nemo et. Quae quidem ipsum magni dolorum aut. Aut itaque enim sunt iusto et. Totam possimus soluta fuga ut veniam odit. Magnam dolores blanditiis esse autem animi rem. Molestiae eius dicta qui. Voluptas et omnis pariatur vero non expedita. Aut labore modi incidunt sed ratione similique deserunt commodi. Quis repellendus quia ad quia et veniam. Labore rerum voluptatem porro ex esse consequatur.', 1, 4, '2022-08-28 06:56:33', '2022-08-28 06:56:33'),
(275, 'Carrie Runolfsdottir', 'Tressa Reilly', 'https://via.placeholder.com/640x480.png/002288?text=quo', 'Dicta et non ut veritatis qui explicabo. Corrupti repudiandae consequatur est nobis voluptatibus quae recusandae quaerat. Voluptas necessitatibus temporibus tempore dolorem. Aut sed rerum ex repellendus. Et et totam ad placeat atque velit deserunt. Sequi amet quam ducimus deserunt aut. Numquam dignissimos consequatur at nemo. Eveniet totam provident qui explicabo dolorem commodi quis. Molestiae porro et provident qui temporibus doloremque quia. Esse accusantium harum quis nobis veniam. Natus aut aut sapiente voluptatem. Placeat accusamus ut iste ab est.', 1, 1, '2022-08-28 06:56:33', '2022-08-28 06:56:33'),
(276, 'Rhianna Stanton', 'Cletus Pfeffer', 'https://via.placeholder.com/640x480.png/00ff88?text=aut', 'Itaque sint minus eveniet sed. Quod perspiciatis sed aut saepe eveniet hic impedit. Excepturi aut est quam fuga provident. Ut exercitationem provident nisi repellat. Quis et a similique officiis ducimus qui nobis. Libero saepe possimus ratione quia molestiae sed. Et non nesciunt et accusantium. Voluptatibus sunt non mollitia aliquid. Quas harum ea voluptatem. Enim numquam et qui qui. Ut ipsum natus illo. Quia in in autem nam et vel. Est illum similique vero deserunt ad. Id doloribus veritatis perferendis sit. Ducimus quod provident laboriosam qui ipsum quod est non.', 1, 3, '2022-08-28 06:56:33', '2022-08-28 06:56:33'),
(277, 'Norene Donnelly', 'D\'angelo Padberg', 'https://via.placeholder.com/640x480.png/004477?text=exercitationem', 'Eius incidunt culpa mollitia ab deserunt nam accusamus. Voluptas quia aperiam placeat consequuntur aperiam. Consectetur ex asperiores harum doloribus voluptate omnis corporis. Non consequatur itaque laborum fugit eum quis optio. Laborum aliquid corporis vel dolor quasi quibusdam quaerat et. Quis officia vel totam doloribus occaecati. Explicabo architecto ipsam nobis officia et nihil voluptatibus. Inventore praesentium ut facere quam enim esse recusandae. Repellat ut perferendis placeat deleniti. Qui reprehenderit sequi in quia sunt modi.', 1, 1, '2022-08-28 06:56:33', '2022-08-28 06:56:33'),
(278, 'Flavie Bailey', 'Anya Walter PhD', 'https://via.placeholder.com/640x480.png/002244?text=a', 'At dolorum iure dolorum facilis cum quisquam. Magni qui dolorem et molestiae autem nihil. Rerum vero quam est cumque. Eaque iure modi et voluptatem. Voluptatem adipisci ut harum assumenda dolorem. Veritatis tempore qui eum dolorem molestiae temporibus. In et sed aperiam amet eos vel incidunt. Hic eum labore distinctio. Sed quia modi suscipit quaerat qui expedita reprehenderit. Occaecati eligendi reprehenderit aut sed. Voluptatibus nihil quis amet aut dicta qui ut.', 1, 1, '2022-08-28 06:56:33', '2022-08-28 06:56:33'),
(279, 'Bertha Cormier', 'Prof. Hanna Harber Sr.', 'https://via.placeholder.com/640x480.png/00cc55?text=et', 'Aperiam sit eum excepturi modi. Voluptas impedit dolores nemo sint. Eum ab sequi dolor quasi eos. Quam ratione ea voluptatum mollitia. Voluptas et sequi laboriosam qui et dolor ut. Provident est asperiores ab et est error maxime. Labore modi delectus omnis pariatur dolorum et. Fuga laboriosam illum eos consequuntur rerum. Consequuntur veniam explicabo non. Voluptatem eum deserunt voluptatem vel nisi officiis pariatur. Inventore error omnis rerum maxime amet accusantium labore. Libero quia rerum reprehenderit amet et consequatur consequatur. Quaerat veniam sed aut est.', 1, 6, '2022-08-28 06:56:33', '2022-08-28 06:56:33'),
(280, 'Prof. Nicholas Nienow PhD', 'Daniela Buckridge', 'https://via.placeholder.com/640x480.png/00aaee?text=soluta', 'Nulla excepturi qui reiciendis aut. Libero sint voluptas libero similique eum asperiores doloribus facilis. Eos maxime ratione ea asperiores. Aliquam dolor dicta odit nobis sed corrupti et molestiae. Ducimus sint sed doloremque sint quod sunt eius. Provident maxime voluptatem dicta asperiores voluptate similique nostrum. Ut quae voluptas et qui aut nesciunt. Quisquam aut praesentium error fuga. Quo nihil minus sit. Corrupti est numquam ex possimus qui ut. Id saepe sunt ratione saepe eveniet incidunt. Et sint quibusdam aperiam rem delectus itaque.', 1, 6, '2022-08-28 06:56:33', '2022-08-28 06:56:33'),
(281, 'Melyssa Russel', 'Sally Barrows', 'https://via.placeholder.com/640x480.png/000066?text=iste', 'Fugiat qui ut modi. Perspiciatis illo quaerat rerum ut. Totam quo qui voluptatem dolorem voluptatem magnam. Accusamus nesciunt fugit praesentium asperiores enim autem tenetur. Natus officia consequuntur consequuntur sint quod autem ad dolor. Ipsa sit similique modi dolores repudiandae quidem amet. Adipisci dicta et veniam dolorum veritatis. Sunt quia explicabo debitis beatae ducimus. Sed itaque et at esse. Enim illum autem fugit quis.', 1, 3, '2022-08-28 06:56:33', '2022-08-28 06:56:33'),
(282, 'Lindsey Reichel', 'Beaulah Okuneva', 'https://via.placeholder.com/640x480.png/0077bb?text=voluptates', 'Aut cum voluptate pariatur alias. Quibusdam laudantium voluptas quasi iusto. Error rerum voluptatem doloremque laborum delectus quia. Ea architecto ipsum error quasi laborum assumenda inventore. Autem rerum qui iste non voluptas voluptas dolorum. Non ex ut explicabo quos nulla. Quas ipsam minus illum magni enim quae consequatur minus. Praesentium ex mollitia accusantium qui omnis. Consequuntur perspiciatis et laudantium consequatur est minus ut. Optio accusamus corporis iste facere recusandae sapiente ducimus exercitationem. Nostrum et nihil officia sit.', 1, 5, '2022-08-28 06:56:33', '2022-08-28 06:56:33'),
(283, 'Prof. Bradford Schneider', 'Donna Stehr', 'https://via.placeholder.com/640x480.png/00ee77?text=deleniti', 'Aspernatur dolorum est sunt. Adipisci quas quis blanditiis enim dolorem odio. Labore quis et qui consequatur. Nobis id odit libero. Neque nulla provident quod dolorem libero maiores quasi. Et qui tempore rem. Repellat voluptatem provident quia asperiores vero. Non iure sunt aut dolores aut. Quo adipisci architecto consequatur aut nam maxime et. Rem consequatur ea aperiam ratione alias accusamus. Molestiae earum rem ut voluptas. Delectus blanditiis totam doloribus. Fugit enim debitis labore cum eum magni ut quidem.', 1, 2, '2022-08-28 06:56:33', '2022-08-28 06:56:33'),
(284, 'Derek Lind', 'Dr. Alejandra Goyette Jr.', 'https://via.placeholder.com/640x480.png/000088?text=et', 'Et alias itaque voluptas debitis illum nam. Porro assumenda in a. Praesentium et hic id ipsum illum quod quasi hic. Et modi vero voluptatum quae. Et quaerat quis enim quia et. Ut dolorem quasi maxime autem minima. Dolorem inventore necessitatibus nisi voluptas odio eaque qui at. Ut perferendis cumque dolore consequuntur temporibus id adipisci. Et rerum veniam minus numquam. Cum et similique inventore et. Sint sed vel nisi deleniti et soluta.', 1, 2, '2022-08-28 06:56:33', '2022-08-28 06:56:33'),
(285, 'Elaina Lemke', 'Granville Lakin', 'https://via.placeholder.com/640x480.png/000022?text=et', 'Laudantium distinctio dolore officiis debitis consequatur. Quam architecto reprehenderit qui asperiores. Quo eaque iure at in suscipit tempora illum. Officia magnam hic sint aut molestias ipsam commodi. Facilis corporis rerum delectus. Quo quidem recusandae omnis animi esse ut incidunt. Saepe et cupiditate quibusdam pariatur consectetur ab doloribus nesciunt. Eum et quia enim. Et sunt quod ipsam nostrum est quod quibusdam. Commodi officiis qui est ea.', 1, 4, '2022-08-28 06:56:33', '2022-08-28 06:56:33'),
(286, 'Dale Harber', 'Ahmad Konopelski', 'https://via.placeholder.com/640x480.png/000000?text=necessitatibus', 'Qui id sit sed beatae dolor. Et eligendi vitae eum modi illum eum dolores. Libero suscipit perferendis corporis consectetur aut. Ad delectus iusto numquam minima sit mollitia. Earum doloremque ad tempore maxime non id unde culpa. Voluptas dolores ut nobis autem odit hic cupiditate. Excepturi similique ipsam odit non necessitatibus consequuntur ullam. Et veniam accusantium ullam numquam quia aut sed id. Eveniet distinctio vel id. Enim quos hic sequi sit.', 1, 2, '2022-08-28 06:56:33', '2022-08-28 06:56:33'),
(287, 'Dr. Elsa Klein', 'Lucius Rutherford I', 'https://via.placeholder.com/640x480.png/0099cc?text=voluptatem', 'Eveniet quis sed et ex voluptas deleniti. Quod facere fuga numquam tempore. Atque nulla provident voluptatem officia. Culpa reiciendis vero quis ab quis culpa aut. Ipsa adipisci provident odit. Ducimus magnam aliquam sunt culpa esse. Nihil aperiam pariatur esse esse provident. Voluptates perspiciatis eos labore eum aliquid. Corrupti saepe voluptatem libero. Praesentium eos deserunt et omnis atque quas sequi dicta. Minima non nemo quia necessitatibus sunt quibusdam voluptas. Hic eos est sapiente sint corrupti quia. Asperiores provident quas nobis est.', 1, 6, '2022-08-28 06:56:34', '2022-08-28 06:56:34'),
(288, 'Leanne Hessel DDS', 'Neoma Mueller', 'https://via.placeholder.com/640x480.png/001155?text=suscipit', 'Similique sequi ipsa quod nesciunt tempora voluptas eum. Vitae ipsum id ut molestiae enim nostrum placeat. Perspiciatis beatae cumque maiores qui in nisi minus nisi. Aut ut et dolores molestias. Suscipit vel animi sit non totam neque. Et quo molestias ut maiores. Aut ut repellat ducimus nostrum. Illum porro quod ratione ut aut tempore. Eligendi et nam beatae error reiciendis. Molestias a tempora vel et neque. Sed modi qui sequi est. Aut eum distinctio minus quo. Magnam porro aut et quae voluptatem ut doloribus.', 1, 1, '2022-08-28 06:56:34', '2022-08-28 06:56:34'),
(289, 'Vernie Dibbert V', 'Wayne Nicolas DDS', 'https://via.placeholder.com/640x480.png/00ff66?text=praesentium', 'Deserunt exercitationem aperiam nihil magni consequatur quia. Suscipit ratione iste quod veniam distinctio. Ut earum et quia quo animi. Et optio perferendis qui repellat explicabo et explicabo perferendis. Delectus consequatur voluptatibus omnis cum voluptates qui quae. Magni maxime laborum tempora repellat quis modi magnam. Odit adipisci eligendi et magni enim. In fugiat quibusdam perspiciatis a ratione. Earum voluptatibus animi sint praesentium nihil molestiae. Nulla distinctio voluptate eligendi.', 1, 1, '2022-08-28 06:56:34', '2022-08-28 06:56:34'),
(290, 'Lottie Langosh', 'Ines Kozey', 'https://via.placeholder.com/640x480.png/007733?text=et', 'Ea odio quia quos eos. Similique excepturi sit nostrum tempore quo qui perspiciatis. Natus ut aliquam similique voluptas. Excepturi dignissimos est perspiciatis dolorem totam blanditiis esse. Quo inventore saepe recusandae. Vitae laudantium ea alias sint eveniet aliquam. Minus ut asperiores odio fugit eos qui. A repellat consequatur aut neque saepe optio quia. Laudantium veniam corporis ipsa. Harum impedit aut vel. Animi omnis debitis fugiat recusandae molestiae ut et et. In sapiente fugiat laborum sint. Omnis explicabo eveniet architecto.', 1, 1, '2022-08-28 06:56:34', '2022-08-28 06:56:34'),
(291, 'Prof. Amanda Fritsch', 'Cody Carroll', 'https://via.placeholder.com/640x480.png/002222?text=sed', 'Aperiam et est eveniet blanditiis eaque molestiae et. Doloremque et distinctio facere nihil vero. Dicta voluptatibus quisquam minima ipsa ab. Omnis iste velit aut alias praesentium libero dolorem eligendi. Qui labore tenetur aliquam neque dolorum. Ut voluptatibus qui quae esse provident eveniet est. Placeat et et corrupti est perspiciatis. Ab quae qui sunt quidem dolores vitae fugit. Perferendis aut et voluptatibus fugit. Provident quis aut debitis pariatur.', 1, 6, '2022-08-28 06:56:34', '2022-08-28 06:56:34'),
(292, 'Cydney Boehm', 'Karlie Pouros', 'https://via.placeholder.com/640x480.png/00ee66?text=debitis', 'Laboriosam voluptatem earum iste asperiores voluptas deserunt. Facilis deserunt nisi porro iste aliquid voluptatem eligendi. Laboriosam consequatur unde nesciunt odit sint facilis quibusdam et. Maiores delectus voluptatem esse. Ea et et repellendus voluptates aut. Molestiae debitis et ipsa ad facilis labore similique. Quia eius totam quisquam repudiandae aperiam et. Sapiente vitae distinctio consectetur. Aut repudiandae sit id quam maiores mollitia id.', 1, 3, '2022-08-28 06:56:34', '2022-08-28 06:56:34'),
(293, 'Dr. Krystal Bradtke V', 'Melvin Oberbrunner', 'https://via.placeholder.com/640x480.png/005577?text=deserunt', 'Nulla dolorem ab omnis soluta. Voluptate commodi ea cupiditate in. Aut enim neque nobis aut dicta quia ut. Illo laborum ea inventore enim nisi aut. Excepturi velit dolorum impedit quo. Sunt culpa neque nostrum sit doloremque delectus accusamus. Dolorem pariatur error consequatur voluptatum mollitia illo soluta in. Iste nemo voluptas sit odio deserunt facilis incidunt et. Quae culpa iure quis quibusdam laudantium voluptatibus sit. Qui odit aspernatur veniam non ut ipsum ducimus.', 1, 4, '2022-08-28 06:56:34', '2022-08-28 06:56:34'),
(294, 'Dr. Americo Witting', 'Gracie Lakin', 'https://via.placeholder.com/640x480.png/00ddff?text=minima', 'Vel accusamus sit sed eum. Illo non ratione iusto harum id. Expedita nam qui aut eligendi. Magnam et error doloribus ratione. Ratione reiciendis eveniet possimus voluptate maxime. Omnis laudantium veniam explicabo autem vel veniam aut illum. Quas officia molestias placeat molestiae consequuntur ab. Aut quo saepe veniam possimus iusto. Aut id ipsum qui dolor esse. Et neque sequi doloribus minus doloribus asperiores. Quia quis commodi voluptatum ut cumque. Fugiat totam eveniet labore molestias autem voluptatibus accusantium temporibus.', 1, 2, '2022-08-28 06:56:36', '2022-08-28 06:56:36'),
(295, 'Alphonso Romaguera', 'Ashlynn Johnson', 'https://via.placeholder.com/640x480.png/00cccc?text=sed', 'Culpa inventore voluptatem et. Debitis fuga ducimus facere odit velit. Laboriosam eaque eligendi occaecati ab est nisi expedita est. Explicabo repellat odio dolores ipsum nam harum atque nulla. Porro quis ut soluta labore itaque. Corrupti facere laudantium est. Placeat ratione est ea quisquam. Eos quo enim qui rem distinctio. Voluptatem molestias et dolorum enim eos. Autem ut nam aut numquam maiores. Vitae aliquam id fugit rem eius. In eum alias voluptatem voluptatibus laudantium aut.', 1, 6, '2022-08-28 06:56:36', '2022-08-28 06:56:36'),
(296, 'Prof. Gilbert Becker DDS', 'Dr. Eldridge Hauck', 'https://via.placeholder.com/640x480.png/001111?text=ab', 'Voluptatem odio rerum commodi cumque qui reiciendis ut. Eum dolorem sit expedita consequatur commodi. Autem accusamus necessitatibus nihil ad. Tempora consequatur accusamus nesciunt officiis exercitationem sed minus. Aut vel odit ex ullam. Consequatur iure quod voluptatem aut et suscipit. Repudiandae voluptas eos voluptatibus eum assumenda molestias. Quae quaerat asperiores assumenda autem ut. Temporibus ad consequatur dolores perspiciatis dolore. Est et nam sit aliquam.', 1, 3, '2022-08-28 06:56:36', '2022-08-28 06:56:36'),
(297, 'Miss Erna Armstrong Sr.', 'Ona Ziemann', 'https://via.placeholder.com/640x480.png/006622?text=quia', 'Voluptas laboriosam ratione enim nihil. Nemo id modi voluptas quia adipisci quia. Sit cupiditate non assumenda perspiciatis id molestiae. Quaerat at minima natus est ut quam. Sint labore atque voluptatem ipsam quae facere. Necessitatibus omnis corrupti distinctio ipsum voluptatem nostrum. Dolorem voluptatem est dolorum excepturi ut quos quo. Similique non doloribus ut voluptate et dolores provident vitae.', 1, 2, '2022-08-28 06:56:36', '2022-08-28 06:56:36'),
(298, 'Isidro Eichmann', 'Julia Walsh', 'https://via.placeholder.com/640x480.png/000011?text=dolorum', 'Cum deleniti veritatis dolores. Quis laboriosam impedit quia nesciunt error. Magni sit nihil quo vel omnis quia ullam. Quisquam et inventore in rerum reiciendis. Vitae sint facilis eum optio fuga unde quibusdam. Nemo natus impedit quia ab sed eveniet. Aut aut minus est fugit vel. Omnis aut ea mollitia doloremque. Voluptatem earum vel dolor nihil. Autem debitis at ipsa qui et expedita. Voluptatem in officia consequatur qui fuga laboriosam. Sed quibusdam corrupti quia ut. Dolores optio suscipit aut.', 1, 4, '2022-08-28 06:56:36', '2022-08-28 06:56:36'),
(299, 'Earl Bednar', 'Beryl Will', 'https://via.placeholder.com/640x480.png/005588?text=aliquam', 'Iste porro doloribus veniam et quis nostrum sit voluptatem. Aut dolore qui molestiae placeat nihil et. Sint accusamus exercitationem reiciendis ducimus. Iste exercitationem ut est alias ut soluta. Ipsa perferendis fugiat qui non qui. At veniam consequatur ea est dolor pariatur eveniet qui. Esse sint velit officia deserunt ex. Accusamus reiciendis cum inventore repudiandae ducimus sed nulla. Voluptatem et magnam harum maxime quia nihil alias.', 1, 3, '2022-08-28 06:56:36', '2022-08-28 06:56:36'),
(300, 'Mr. Alden Weimann', 'Clotilde Kirlin', 'https://via.placeholder.com/640x480.png/005511?text=error', 'Illum deserunt ea numquam cupiditate omnis. Qui eligendi fugit provident dolor corporis dignissimos quis. Tenetur eius cumque molestiae aut amet debitis commodi. Autem maiores debitis dolores. Ratione et laborum reiciendis ut ut. Laborum sunt voluptatem et quis eum laudantium et. Itaque earum aut eveniet iusto quo omnis est. Nostrum autem ipsum aut aut perferendis. Veniam consequatur quia ullam sequi sapiente saepe corrupti. Vel vel non atque omnis vitae ullam accusantium accusantium. Nisi dolores ut quia illum. Amet quaerat vel repellendus quasi iusto.', 1, 4, '2022-08-28 06:56:36', '2022-08-28 06:56:36'),
(301, 'Ernest Howe', 'Cade Kling', 'https://via.placeholder.com/640x480.png/00ff33?text=dolor', 'Sit officia qui rerum in aut aliquid. Dolores sed dolorum quia corrupti qui. Tempora similique quasi omnis voluptate. Quidem soluta illo et ullam amet eos mollitia. Error et tenetur porro dolorem neque perferendis placeat. Minima officia illum voluptatem accusamus. Cupiditate quia consequatur neque et saepe excepturi alias. Natus doloribus dolorum aliquam labore expedita magnam. Quod atque odio incidunt possimus. Pariatur earum nihil reprehenderit voluptas ipsum quisquam nobis. Enim omnis blanditiis laborum quos placeat.', 1, 2, '2022-08-28 06:56:36', '2022-08-28 06:56:36'),
(302, 'Andrew Roberts', 'Miss Vilma Lakin DDS', 'https://via.placeholder.com/640x480.png/00ccdd?text=aut', 'Quia dolore eum odit vitae quia et. Porro deserunt suscipit sit iste quia. Molestias eos asperiores ut placeat. Ut tenetur eaque et maxime repellat. Qui enim eum natus. Rerum eos facilis enim voluptates molestiae doloremque. Deserunt repellendus perferendis hic sapiente ut. Nostrum illum est quod voluptas minus impedit. Adipisci consequatur illum animi. Consequatur voluptas numquam aspernatur saepe saepe. Voluptatem vel ad debitis voluptates cumque ipsum eum. Ut quas sit aut officia ea ut. Similique qui atque mollitia ipsum dolor enim. Inventore iusto enim odio.', 1, 4, '2022-08-28 06:56:36', '2022-08-28 06:56:36'),
(303, 'Lionel Spinka', 'Crystal Homenick', 'https://via.placeholder.com/640x480.png/00aa66?text=veritatis', 'Eligendi velit aut nulla aut delectus. Nobis necessitatibus ab rerum provident doloribus voluptas officiis. Recusandae provident consequatur reprehenderit voluptas nam error. Odio ullam animi culpa totam et recusandae. Alias qui quisquam ipsam natus nostrum omnis eos. Cupiditate dicta quas quidem placeat. Dolore aliquid consequatur iusto voluptates. In assumenda deserunt omnis aliquid. Consequatur ea in ab quia repellendus laudantium quam. Qui enim esse inventore ex non et. Rem sunt ratione odit explicabo. Quis quo labore sequi quisquam. Odio omnis labore et exercitationem.', 1, 5, '2022-08-28 06:56:36', '2022-08-28 06:56:36'),
(304, 'Ansley Daniel', 'Rosa Hyatt', 'https://via.placeholder.com/640x480.png/00bb22?text=est', 'Temporibus quasi explicabo saepe voluptatibus voluptate. Molestiae earum in voluptas aperiam molestiae quaerat laboriosam. Vitae ducimus ut error. A in quo minus facilis consequatur ipsam. Est et quisquam nam optio qui quibusdam laboriosam. Qui ut possimus nam similique ratione. Quisquam ratione dicta saepe distinctio dolor. Debitis fugiat aperiam sunt fugit. Dolorem consequuntur architecto totam quia velit aut ratione. Porro iste saepe voluptatem laboriosam aliquam. Qui molestias aut voluptatem quibusdam.', 1, 5, '2022-08-28 06:56:36', '2022-08-28 06:56:36'),
(305, 'River Marvin I', 'Harrison Effertz', 'https://via.placeholder.com/640x480.png/001177?text=id', 'Tenetur et quo deserunt voluptatum quas voluptatem illo. Officiis reiciendis mollitia hic. Doloremque alias accusamus impedit sint earum. Magni aut dolorem accusantium aut molestiae blanditiis. Earum voluptate asperiores porro qui quia aut. Blanditiis officia sit consequatur voluptatem magnam aut amet enim. Perferendis similique omnis in possimus qui temporibus. Illum est est consequatur eaque sapiente sequi. Tempore magnam deleniti consequatur et. Quod cumque hic eum ipsum veritatis fuga iure.', 1, 3, '2022-08-28 06:56:36', '2022-08-28 06:56:36'),
(306, 'Yazmin Crona', 'Kelvin Prosacco', 'https://via.placeholder.com/640x480.png/000066?text=quisquam', 'Dignissimos dolor suscipit neque aspernatur sunt. Atque et eaque ratione provident numquam ut vel. Blanditiis rerum consequatur alias quia architecto. Sit debitis libero numquam repellendus vitae in et. Quasi corporis tenetur eos voluptatibus deserunt beatae vel. Eum animi sit recusandae maxime quasi. Nihil dolorem ipsa sed perspiciatis nostrum nam. Modi hic inventore atque molestiae magnam voluptas. Quo debitis tempora voluptas officia. Laudantium dolorum ipsam eligendi ut est mollitia unde. Rem minima temporibus deserunt ipsam iusto possimus neque.', 1, 1, '2022-08-28 06:56:36', '2022-08-28 06:56:36'),
(307, 'Christelle Gottlieb DVM', 'Marcella Sporer', 'https://via.placeholder.com/640x480.png/00bb11?text=commodi', 'Sit eos magnam eligendi ipsum. Veniam odio saepe officia nulla. Doloremque occaecati sunt optio aut voluptates. Sed est consequatur pariatur rerum aperiam eum perspiciatis. Et minus est modi recusandae harum. Magni rerum quod cumque omnis. Assumenda ullam magnam placeat sequi tenetur qui ipsa. Ut a laboriosam aliquam. Qui est dolore perspiciatis ratione in et recusandae. Architecto corrupti eos hic eius molestiae quo. Aut esse doloremque error quas quasi. Recusandae et aut porro amet distinctio nihil. Vel est hic temporibus ullam.', 1, 1, '2022-08-28 06:56:36', '2022-08-28 06:56:36'),
(308, 'Wava Reilly', 'Geraldine Mertz', 'https://via.placeholder.com/640x480.png/0099aa?text=deleniti', 'Excepturi dolorem dicta accusamus et nesciunt odit. Eum deleniti et magnam. Ut aut architecto et provident error quisquam cupiditate. Id laborum sit dolores voluptas minima aspernatur eligendi sed. Et et doloremque autem dolorem magnam sint nesciunt. Rerum ut repellat et quasi et pariatur sit. Quia quibusdam sunt placeat et sunt molestias et. Sed ut ea voluptas. Et et doloremque soluta harum recusandae possimus laboriosam. Magni dolore est est laborum corrupti. Repellat provident mollitia ut. Distinctio non tenetur eaque.', 1, 4, '2022-08-28 06:56:36', '2022-08-28 06:56:36'),
(309, 'Wilma Kuvalis', 'Dariana Altenwerth', 'https://via.placeholder.com/640x480.png/003377?text=asperiores', 'Nihil architecto accusamus dolor sed dolorum. Exercitationem porro ratione consequatur minima repudiandae repudiandae soluta enim. Voluptate facilis non facere culpa laudantium voluptas. Aut consequatur rerum quis quia. Consequatur nisi eos delectus incidunt quia. Voluptas inventore corporis repellat quas cumque quibusdam expedita. Ratione unde quia cumque iure consectetur hic reprehenderit enim. Ut dolores et laboriosam possimus voluptatibus provident. Quia ab ea iure ipsa eos autem. Consequatur sequi qui consequuntur nulla et. Fugiat iure quibusdam debitis impedit ducimus mollitia nesciunt.', 1, 6, '2022-08-28 06:56:36', '2022-08-28 06:56:36'),
(310, 'Karley Corwin', 'Rory Schulist Sr.', 'https://via.placeholder.com/640x480.png/002299?text=consequatur', 'Qui dignissimos animi rem voluptatem consectetur amet facilis. Sed laudantium nobis adipisci exercitationem est facilis ipsa. Omnis molestiae incidunt consequatur quo. Voluptas quis voluptatem est. Nobis odio qui provident quibusdam. Non qui dicta perspiciatis. Sint accusantium incidunt consequatur occaecati tenetur ea. Natus laboriosam eaque occaecati corrupti sint. Consectetur a natus dolorem at eos sunt. Distinctio omnis eaque est et cum id. Quas minima sit optio est et illum illo. Aliquid cum quis incidunt eius eius voluptas beatae. Iure ex quisquam amet eveniet qui quasi.', 1, 3, '2022-08-28 06:56:36', '2022-08-28 06:56:36'),
(311, 'Simeon Casper', 'Yvonne Roberts', 'https://via.placeholder.com/640x480.png/00bbaa?text=quia', 'Voluptas consequuntur soluta velit facilis. Dolor voluptatem veritatis fugit distinctio perspiciatis rerum consequatur. Veritatis est aut optio vel illo. In quia repellendus quia nesciunt eius dolores laborum. Minima libero at qui vel dignissimos et est temporibus. In voluptatem labore mollitia voluptatem dolores. Amet laborum accusantium quos dolore enim. Modi voluptatem quis adipisci voluptas ipsum. Voluptatem autem dolor incidunt maiores id esse reprehenderit. Ab corrupti est vitae numquam totam corporis deleniti.', 1, 3, '2022-08-28 06:56:36', '2022-08-28 06:56:36'),
(312, 'Brody Adams PhD', 'Marcel Mertz I', 'https://via.placeholder.com/640x480.png/00ffbb?text=quo', 'Delectus odit occaecati voluptatem dolorem autem et. Eos rerum quis vitae cumque est neque sed sint. Totam quisquam non eos illum. Et cumque porro qui facilis accusamus. Debitis laborum animi praesentium impedit. Nihil nam odit consequuntur earum voluptatem aperiam. Architecto non aut tenetur voluptatem. Earum ipsum similique rerum totam. Excepturi molestias aliquid a. Optio et est est omnis. Et eos ipsam eos iste. Ex quia praesentium exercitationem pariatur est. Qui eum illo dolores et amet. Hic earum ratione ipsam harum blanditiis.', 1, 3, '2022-08-28 06:56:36', '2022-08-28 06:56:36'),
(313, 'Brandyn Heathcote', 'Prof. Muhammad Wuckert DDS', 'https://via.placeholder.com/640x480.png/001122?text=dolore', 'Similique id consectetur voluptatem odio quibusdam necessitatibus possimus. Quas illum reiciendis perferendis molestiae debitis. Quos ut voluptatibus sed quam odio non doloribus. Quia dolore facere impedit nam sed vel. Et laboriosam et dolorem. Et quo nobis neque fuga. Sed eos vero ut reprehenderit. Sit in et porro tenetur qui. Veritatis autem quibusdam cumque cupiditate. Sapiente iusto tempora eos aperiam blanditiis quia quisquam. Ipsum architecto sint aut architecto. Iusto fugiat non quaerat reiciendis error.', 1, 4, '2022-08-28 06:56:36', '2022-08-28 06:56:36'),
(314, 'Prof. Elaina Reilly', 'Ila Wunsch', 'https://via.placeholder.com/640x480.png/0044dd?text=sunt', 'Vel et dolorum ut suscipit maxime. Natus quis voluptas animi nemo itaque quis fuga. Ex consequatur et repudiandae architecto consequatur. Aliquid eaque veniam expedita. Rem quo quos sint veniam deleniti. Qui debitis et id laudantium odit ratione autem. Autem quasi sit ad perspiciatis. Quia et consequuntur sint a vitae. Provident alias quod ipsum minus non. Quia veritatis saepe tenetur quia quas dolores omnis.', 1, 3, '2022-08-28 06:56:36', '2022-08-28 06:56:36'),
(315, 'Jacquelyn Lakin', 'Hassan Kovacek', 'https://via.placeholder.com/640x480.png/00cc33?text=id', 'Et odit aperiam quos minus. Qui officiis cupiditate vitae et enim neque porro. Error qui eum magnam dolores. Libero qui et quam velit. Atque rem eligendi commodi omnis omnis. Et doloremque reprehenderit expedita voluptatem consectetur recusandae quod ducimus. Rerum voluptas repellat recusandae et quas consectetur. Officia aut inventore quia facilis dolores voluptate enim rerum. Eaque minima est repellat sint sit dolorem nihil. Odio magni impedit pariatur odio. Velit repudiandae est occaecati excepturi delectus eum temporibus. Dolorem odio ut porro consectetur aliquid.', 1, 5, '2022-08-28 06:56:36', '2022-08-28 06:56:36'),
(316, 'Dr. Alphonso Nikolaus', 'Electa Brakus', 'https://via.placeholder.com/640x480.png/00ee00?text=itaque', 'Dolore sit maxime quaerat atque nemo. Quasi sapiente unde cupiditate deserunt deleniti. Quisquam quam veritatis et quis quas. Eaque atque dolor deleniti aut unde dolorum et. Quaerat nam iste minus placeat. Quibusdam velit non autem qui et necessitatibus expedita. Aut ducimus labore consequatur. Enim dignissimos unde deleniti ex. Aliquid eaque deleniti et sit. In laudantium aut blanditiis expedita eius. Vitae totam rerum et distinctio corrupti modi. Omnis et consequatur ut dolorem dicta et. Vel mollitia id numquam nobis. Exercitationem cumque corporis aliquam quae dolore officiis.', 1, 2, '2022-08-28 06:56:36', '2022-08-28 06:56:36'),
(317, 'Judson Anderson PhD', 'Gertrude Tromp', 'https://via.placeholder.com/640x480.png/005577?text=perferendis', 'Non dolorum facilis sequi quia. Eveniet dolore blanditiis qui adipisci. Commodi delectus voluptatum in. Perspiciatis suscipit unde voluptatum est occaecati sed quia omnis. Ut ut dignissimos natus quaerat quia aut voluptatem. Alias et fuga minus voluptates nostrum molestiae explicabo doloremque. Quas qui quo facere nisi ex. Voluptatum ex laboriosam at. Quia possimus optio voluptatem sint eius voluptates id. Nemo et dolores ea. Possimus nesciunt praesentium blanditiis est repellat porro dolorem.', 1, 4, '2022-08-28 06:56:36', '2022-08-28 06:56:36');
INSERT INTO `posts` (`id`, `title`, `slug`, `image`, `description`, `user_id`, `category_id`, `created_at`, `updated_at`) VALUES
(318, 'Elmira Koepp', 'Prof. Beatrice McCullough II', 'https://via.placeholder.com/640x480.png/00bb77?text=dicta', 'Repellendus vitae nemo sit nisi aspernatur. Voluptatem doloremque nesciunt omnis et autem dolore. Voluptas quia aut cupiditate repudiandae. Nihil non ullam autem qui eum voluptas. Adipisci qui qui ut ipsum. Delectus quae mollitia quos distinctio. Aut et et voluptatum est. Est illo et sit quasi perferendis. Eum reiciendis enim ut. Adipisci officiis reiciendis expedita. Voluptatem qui architecto aut qui provident. Animi necessitatibus et rerum quasi facilis est et. Dignissimos accusantium illum alias et. Dolores vitae dolores aut assumenda.', 1, 6, '2022-08-28 06:56:36', '2022-08-28 06:56:36'),
(319, 'Mia Conn', 'Myrtis Kihn', 'https://via.placeholder.com/640x480.png/008888?text=et', 'Nulla sequi voluptatem facere blanditiis adipisci facilis. Quae omnis deleniti quo voluptatem iste vel. Reprehenderit rerum voluptatibus culpa reprehenderit sapiente velit unde. Optio similique fugit unde enim nihil quae. Dolores velit libero dolores qui sit est. Molestiae sit vel autem sed magnam quaerat facilis ex. Quia aliquid enim quia et illum debitis officiis. Deserunt et aut vero tempore harum velit voluptas possimus. Porro aut maxime quia laudantium aperiam ut est.', 1, 5, '2022-08-28 06:56:36', '2022-08-28 06:56:36'),
(320, 'Mr. Kade Rosenbaum DVM', 'Prof. Raymond Wolf', 'https://via.placeholder.com/640x480.png/00cc22?text=reiciendis', 'Dicta vel nemo consequatur non. Consequatur voluptatem molestiae et recusandae enim sunt. Incidunt beatae recusandae maiores veritatis repellendus dolore. Cumque voluptas ullam voluptatem sunt qui consequatur. Animi id quaerat maxime quia laborum magnam cum voluptatibus. Rem in occaecati sequi sed tenetur. Quia aliquam aut blanditiis aut sed est. Sapiente accusamus ducimus ut non et. Vero explicabo corrupti sunt repudiandae.', 1, 3, '2022-08-28 06:56:36', '2022-08-28 06:56:36'),
(321, 'Okey Moore', 'Lilla Gleason', 'https://via.placeholder.com/640x480.png/00dd77?text=velit', 'Laudantium harum fuga eos tempore vitae deleniti accusantium hic. Non voluptatem voluptatem ut autem eius. Vero sed voluptas vitae dolorem. Et repellat qui hic numquam. Exercitationem beatae quidem libero quaerat qui perspiciatis. Omnis aut id quo excepturi. Sit perspiciatis dolore eos aut numquam consequatur. Quia nobis et dolores consectetur tenetur dolor quo. Consequatur cumque sed id ipsum excepturi consequatur. Rem animi consequatur incidunt quis. Quisquam sit est ex. Et quo et qui a. Et tempore vero et blanditiis veniam quia temporibus.', 1, 2, '2022-08-28 06:56:36', '2022-08-28 06:56:36'),
(322, 'Jaron Rolfson', 'Frida Rempel PhD', 'https://via.placeholder.com/640x480.png/008833?text=ut', 'Laboriosam quia sed dolorum autem occaecati. Nihil esse iure sed vel. Modi sed ut explicabo consequuntur eaque fuga. Assumenda in ut optio aut facilis sed. Id ut at sunt nemo odit. Ut quasi ea unde corrupti quia rerum. Quas dolor hic vel labore pariatur at. Magni dolore delectus quo omnis ut velit impedit. In aut quia maxime corrupti sequi quis. Quo provident nam ducimus sapiente. Et dolorem ducimus est. Sed asperiores magni aliquid quaerat aut pariatur. Magnam iusto qui temporibus magni rerum qui. Vel reprehenderit molestiae corporis esse at earum.', 1, 4, '2022-08-28 06:56:36', '2022-08-28 06:56:36'),
(323, 'Jarrett Dickens', 'Kristy O\'Reilly', 'https://via.placeholder.com/640x480.png/00ee88?text=natus', 'Assumenda molestiae quisquam mollitia quo. Placeat occaecati architecto veritatis eius qui. Unde sunt debitis voluptas et id libero. Et rerum accusamus praesentium voluptas corporis quod. Quas placeat inventore sunt. Est quasi incidunt sapiente tenetur et. Voluptatem saepe ut fugiat natus nobis. Quas consequatur distinctio ut sed quibusdam dolorem. Nisi nesciunt ut perferendis ipsum necessitatibus aut. Consequuntur illo adipisci illum ut sed. Accusamus aperiam voluptas rerum. Ducimus incidunt veritatis consectetur eaque similique et nobis. Incidunt accusamus non consequatur quo quam quo.', 1, 3, '2022-08-28 06:56:36', '2022-08-28 06:56:36'),
(324, 'Kali Littel', 'Blanche Metz', 'https://via.placeholder.com/640x480.png/00bbaa?text=odio', 'Vero ab id inventore voluptas magni facere pariatur. Iste similique asperiores quo quia aut id id. Blanditiis cum assumenda quis. Repudiandae aut quaerat impedit dolore quia enim. Beatae et nulla molestiae blanditiis. Explicabo nulla cum voluptatem quia consectetur saepe est amet. Laudantium nam nulla et. Ad ut fugiat in et quod quaerat nostrum. Quo cum quo fuga rerum. Velit quo laborum sint ut eum. Eos maiores blanditiis repudiandae voluptas voluptate. Doloribus magni dolore odio atque accusamus expedita. Similique numquam laborum fugiat voluptatum suscipit.', 1, 3, '2022-08-28 06:56:37', '2022-08-28 06:56:37'),
(325, 'Prof. Nova Kihn', 'Dr. Jerry Runte', 'https://via.placeholder.com/640x480.png/007744?text=nobis', 'Id quae itaque harum. Perspiciatis officiis autem in magni repudiandae. Iusto corporis voluptatem ea eum ipsum voluptas voluptatibus. Velit dolores non dolores cupiditate voluptatem quia. Est maiores sit delectus sit. Eos iusto optio eveniet quia iste reiciendis. Culpa omnis est molestias eveniet reprehenderit iure mollitia. Ut enim sit asperiores nulla consequatur dicta ut. Aut et ea saepe atque cupiditate et ullam. Sit iste dolorem doloremque illo. Nisi ipsum id natus iste et aperiam debitis. Numquam iusto et quibusdam perferendis eius et. Et odit eos et soluta iste maiores.', 1, 1, '2022-08-28 06:56:37', '2022-08-28 06:56:37'),
(326, 'Adam Christiansen DDS', 'Ms. Leonor Lindgren', 'https://via.placeholder.com/640x480.png/00dd99?text=quam', 'Veniam laudantium qui dolores. Quod ut sunt eos et error laboriosam quod. Nihil officiis officiis corporis voluptatem ipsa eum quas praesentium. Temporibus est consequuntur dolorum quia. Placeat excepturi et dicta et. Sed consequatur soluta officiis veniam et qui. Dolore omnis perferendis iure omnis et doloribus. Aspernatur aliquid illo vero laudantium sint. Animi sit sit accusamus accusamus nihil. Distinctio vitae repellendus placeat.', 1, 4, '2022-08-28 06:56:37', '2022-08-28 06:56:37'),
(327, 'Scotty Heller', 'Miss Nikita Senger', 'https://via.placeholder.com/640x480.png/004422?text=unde', 'Tempora vitae vero dolorem similique architecto enim et. Corporis quos at cupiditate voluptates enim veniam molestiae. Minima voluptatum consectetur sit. Voluptas pariatur molestias voluptas quibusdam harum. Magni tempore eius necessitatibus ullam. Veritatis velit perferendis voluptates ipsum quia asperiores ea ut. A non illum molestias magni excepturi. Dicta est culpa provident est. Enim nostrum illum quis dolores. Vel pariatur cum voluptatem. Culpa voluptatum officiis ea laborum. Ratione ipsum atque quibusdam.', 1, 3, '2022-08-28 06:56:37', '2022-08-28 06:56:37'),
(328, 'Prof. Rudy Bruen', 'Damon Windler', 'https://via.placeholder.com/640x480.png/0055ee?text=placeat', 'Autem possimus veniam dolore dolores repudiandae. Sequi eum in quisquam. Porro dolor voluptatum vitae architecto dolores dicta et. Corporis occaecati adipisci commodi voluptatibus possimus. Non repellat fuga similique voluptatibus rerum qui quisquam. Quidem nemo non nesciunt. Optio sit recusandae sed facilis. Delectus eveniet dolores amet blanditiis consequatur rem fugit. Repellat omnis sapiente repellat repudiandae sunt totam quibusdam. Et sapiente in officiis illum non. Tempore et rerum at ut fugiat. Eum eveniet qui deleniti vel voluptatibus corrupti.', 1, 5, '2022-08-28 06:56:37', '2022-08-28 06:56:37'),
(329, 'Camren Beer', 'Mr. Myrl Murphy', 'https://via.placeholder.com/640x480.png/00ddcc?text=rem', 'Dolore ea aperiam nostrum totam placeat occaecati. Et pariatur adipisci sit enim deleniti natus. Cum molestiae unde maxime maiores porro magnam velit. Aut impedit adipisci quo eos dolores accusantium et. Consectetur qui exercitationem molestiae qui. Perferendis quo quam assumenda reprehenderit laborum. Ab unde ut molestias voluptatem sit. Doloremque dignissimos nulla quia iste consequatur provident rerum. Consequatur eaque natus odit ea ut. Quia suscipit nulla corrupti voluptas ab est et. Sed aperiam rem ipsam illum qui. Et tenetur et quo consequuntur reprehenderit.', 1, 6, '2022-08-28 06:56:37', '2022-08-28 06:56:37'),
(330, 'Dr. Kaitlin Casper PhD', 'Dr. Mariano Skiles PhD', 'https://via.placeholder.com/640x480.png/008844?text=nemo', 'Harum sed quas voluptas voluptas enim doloremque perferendis. Nemo et perferendis maiores commodi qui est. Autem blanditiis sed rerum maxime tenetur. Enim beatae sed optio repellendus. Adipisci eos rerum ipsa. Deserunt dolor non consequuntur doloremque totam autem quaerat. Nihil omnis natus ut sunt explicabo. Sint at perferendis et asperiores consequatur. Quia hic eum animi laudantium debitis eaque. Vel dolore voluptatem ut est qui architecto quasi blanditiis. Est ex qui dolore laborum nobis sint occaecati.', 1, 2, '2022-08-28 06:56:37', '2022-08-28 06:56:37'),
(331, 'Zachary Strosin DDS', 'Brayan Cruickshank', 'https://via.placeholder.com/640x480.png/0088bb?text=ullam', 'Odio ut iure et nihil quod. Tempora illum quas ea saepe enim. Fugit reprehenderit deleniti voluptatem et quia omnis. Odit in aspernatur dolores qui assumenda omnis itaque. Veritatis vel commodi ut cumque consequatur aut sunt modi. Nostrum vel dolorem veritatis nihil iste incidunt. Ut voluptatibus cum consequuntur quia adipisci omnis nemo. Tempora est ipsum perferendis velit similique. Praesentium eveniet nihil minus sit in vero non et. Excepturi quia consequuntur alias aut reiciendis ut. Ex qui rerum cum. Nam vel fugit perferendis sunt.', 1, 2, '2022-08-28 06:56:37', '2022-08-28 06:56:37'),
(332, 'Mack Sauer', 'Kameron Collier', 'https://via.placeholder.com/640x480.png/00ccbb?text=perspiciatis', 'Repellendus cumque repudiandae explicabo ut accusamus provident ut. Asperiores qui reiciendis consequatur ad aut sapiente omnis. Odio alias dolor odio iste quas omnis nobis. Recusandae aliquid sit aliquam impedit numquam dolor eos. Vel ab et quam rerum sed sed. Repudiandae beatae culpa id vel sapiente in. Rerum nobis expedita sint. Laboriosam veritatis ut sed sed sapiente quam magni nulla. Est dicta quis totam animi atque dolore quam non. Sit ut voluptates dolor laudantium. Architecto magnam cum est enim.', 1, 3, '2022-08-28 06:56:37', '2022-08-28 06:56:37'),
(333, 'Mr. Einar Douglas I', 'Adella Ziemann', 'https://via.placeholder.com/640x480.png/004488?text=explicabo', 'Aspernatur dolores quibusdam optio. Culpa totam maiores ut incidunt qui velit quia. Sunt omnis consequatur similique consequatur possimus. Dolore perferendis rerum ut quasi rerum dicta nesciunt error. Est ipsum laudantium rerum sed libero. Minus cumque excepturi commodi enim. Enim neque nesciunt omnis eligendi consectetur laboriosam aut. Nisi voluptatem vel rem optio nulla. Natus voluptatum aspernatur magni voluptatem ipsam.', 1, 2, '2022-08-28 06:56:37', '2022-08-28 06:56:37'),
(334, 'Prof. Maci Kub', 'prof-maci-kub', 'https://via.placeholder.com/640x480.png/0088dd?text=harum', 'Quis odit sequi inventore doloremque voluptatum. Ab architecto dicta quidem placeat quam. Sint rerum aut pariatur omnis porro. Reprehenderit cupiditate minima et. Vel ipsum et reiciendis possimus eum. Cupiditate aliquid laudantium hic vitae quis et sit recusandae. Accusamus eaque saepe repellendus ea rerum rem. Ut voluptatem neque ut vel optio. Cumque sequi repellat officia. Odit itaque voluptatem sed sint eligendi. Amet enim dolor ut est.', 1, 1, '2022-08-28 06:56:39', '2022-08-29 02:10:58'),
(335, 'Tina Bergstrom', 'tina-bergstrom', 'https://via.placeholder.com/640x480.png/008888?text=odio', 'Qui alias autem sunt sunt quia dignissimos. Inventore dolor ducimus itaque. Dolorem optio minus expedita dolorum voluptate rerum aliquam a. Vel eaque rem maiores et magni animi fugit aut. Aliquam facilis nemo voluptatem. Voluptatem porro hic molestiae non porro. Saepe rerum nobis explicabo. Facilis temporibus omnis quam non voluptatem deleniti temporibus voluptas. Officia velit doloremque voluptates ab sed pariatur quae. Facere excepturi quibusdam tenetur laudantium autem. Est nihil modi nam voluptatum quo id. Eos voluptas et quis quae maxime.', 1, 6, '2022-08-28 06:56:39', '2022-08-29 02:11:06'),
(336, 'Ken Stehr', 'ken-stehr', 'https://via.placeholder.com/640x480.png/001100?text=iusto', 'Totam accusantium consectetur iusto quod ipsum possimus corrupti ullam. Est in quo odio enim. Tempora et ipsum quis molestiae adipisci. Totam nemo repudiandae molestiae est ipsam. Pariatur sed doloribus sit rem hic. Ab dolore fugiat voluptatem. Est asperiores eligendi provident voluptatem placeat vitae. Corporis numquam aut atque neque voluptatem eos id. Nisi et et iste aut. Tempore consequatur similique velit aliquid atque voluptas. Maiores omnis dolor adipisci dicta mollitia. Quo quidem ad beatae qui. Error officiis vitae aperiam accusantium.', 1, 6, '2022-08-28 06:56:39', '2022-08-29 02:11:15'),
(337, 'Desiree VonRueden', 'desiree-vonrueden', 'https://via.placeholder.com/640x480.png/00dd22?text=rerum', 'Consequatur rerum perspiciatis velit necessitatibus. Sapiente quam quos possimus voluptatem provident. Dolor velit vero quidem. Quisquam et reiciendis eveniet quod et non. Impedit nihil esse eius delectus cum maxime eum. Eum voluptas necessitatibus dolore qui aspernatur beatae accusamus. Voluptates inventore distinctio a officia et quam corporis ut. Quia possimus delectus sed qui corporis consectetur. Saepe sapiente voluptas sint rerum esse. Qui culpa dicta voluptate molestiae. Illum repellat quas rerum cumque ut.', 1, 5, '2022-08-28 06:56:39', '2022-08-29 02:11:27'),
(338, 'Lura Herzog', 'lura-herzog', 'https://via.placeholder.com/640x480.png/0044cc?text=qui', 'Eum facere consequatur omnis eligendi nisi ducimus. Tenetur illo minus odio ratione. Et omnis aperiam temporibus consequuntur esse. Aut beatae laborum quibusdam perspiciatis sed cupiditate. Nulla perferendis voluptatem dolor nulla. Quae eveniet id quis. Quos veritatis tempora sed voluptatem. Culpa ullam eligendi rerum et. Veniam distinctio illum voluptas veniam quos non. Consequatur nobis quia similique architecto est. Cupiditate libero iste et consequatur. Ea possimus reprehenderit porro. Amet fugit hic perferendis voluptate enim tenetur.', 1, 6, '2022-08-28 06:56:39', '2022-08-29 02:11:37'),
(340, 'Marie Ortiz', 'marie-ortiz', 'https://via.placeholder.com/640x480.png/00bb33?text=aliquid', 'Sapiente tenetur eveniet sunt qui. Eos dolorem quae nesciunt quis voluptatem numquam tenetur. Dolorem quaerat molestiae accusantium aut voluptatum consequatur nemo provident. Incidunt eaque non ratione quis. Tenetur modi illo ipsum aut vitae error delectus. Nulla iure dolor vitae odio. Sapiente minima temporibus reprehenderit suscipit. Eos molestiae voluptas similique sunt ratione accusamus voluptas. Velit fuga consectetur debitis. Nihil praesentium magnam est sint et. Non fugit et harum ea alias esse. Eos quia voluptatem vitae quia.', 1, 4, '2022-08-28 06:56:39', '2022-08-29 02:11:45'),
(341, 'Ms. Sandra Russel Jr.', 'ms-sandra-russel-jr', 'https://via.placeholder.com/640x480.png/00bbbb?text=id', 'Pariatur voluptatem rem nihil perspiciatis non. Et nam eveniet fuga repellat alias consequatur odio quos. Perspiciatis qui placeat doloremque aspernatur. Esse ipsum maxime voluptatum sint. Rerum aut hic non quasi omnis quis. Sit consequuntur occaecati velit architecto earum. Dolor repellat a sunt laudantium. Soluta est omnis dignissimos laboriosam modi dolores. Ipsam ea sint totam voluptas laboriosam hic. Omnis omnis quam doloribus est nisi minima. Pariatur porro est nihil maiores aut.', 1, 5, '2022-08-28 06:56:39', '2022-08-29 02:12:00'),
(342, 'Jasen Gutkowski', 'jasen-gutkowski', 'https://via.placeholder.com/640x480.png/00aadd?text=omnis', 'Animi ut blanditiis in dolorem et ex. Non iusto natus quisquam. Vitae quia enim ea eos adipisci harum voluptatibus. Amet totam similique voluptatem neque commodi quasi a. Aut qui quia dignissimos dignissimos. Minima aliquam expedita corporis voluptatibus et. Voluptatibus doloremque aperiam sit non similique quas. Molestiae asperiores saepe molestiae natus. Quaerat quia ab aperiam qui. At sint dolorem fugit aperiam corporis et. Quo molestiae quis atque qui iure commodi dignissimos.', 1, 1, '2022-08-28 06:56:39', '2022-08-29 02:12:12'),
(343, 'Carmella Morar', 'carmella-morar', 'https://via.placeholder.com/640x480.png/00cc33?text=ut', 'Eveniet id maiores pariatur sed numquam. Recusandae velit perferendis veniam reiciendis perferendis ut laboriosam. Dolorum aut dolorum ut repellat quis molestiae dolorem. Impedit enim provident recusandae optio ut voluptatibus quo. Magni quia quidem facere rerum aut sed. Et et sed iste blanditiis laboriosam quia. Aut ut odio provident quidem excepturi voluptas tempora. Eos laudantium et aut. Assumenda neque provident voluptas inventore autem dolorem aut. Rerum optio voluptas optio eveniet vero. Aliquam facilis autem sint molestiae est dolores.', 1, 5, '2022-08-28 06:56:39', '2022-08-29 02:12:23'),
(344, 'Eli Beahan', 'eli-beahan', 'https://via.placeholder.com/640x480.png/006600?text=voluptas', 'Enim ut et modi ipsum et voluptatem. Tenetur nisi eos facere. Consequatur provident quia aliquam est impedit. Est debitis tenetur omnis error assumenda aliquam. Sunt aut quas modi assumenda odit consequatur corporis. Quibusdam libero eligendi cum quia eligendi. Qui quas officia ut. Rem nesciunt porro quae quasi nesciunt. Sapiente voluptatem enim nemo repellendus esse est dolore repellat. Et tempora autem saepe ratione veniam qui. Adipisci amet nihil delectus sunt velit architecto fuga. Nulla dignissimos excepturi quia laboriosam provident velit et.', 1, 1, '2022-08-28 06:56:39', '2022-08-29 02:12:36'),
(345, 'Jeffrey Brakus', 'jeffrey-brakus', 'https://via.placeholder.com/640x480.png/009977?text=id', 'Vel non mollitia necessitatibus quia optio sed. Et provident qui dolores quidem repudiandae non dolore nisi. Eius architecto tempore natus animi. Repudiandae ullam eum suscipit sed. Velit reiciendis libero alias rerum dolor repudiandae. Aut vitae atque aspernatur ut. Totam ipsum vel dolorum ab. Aperiam exercitationem ratione voluptatem qui consequatur nisi veniam. Tempora sapiente aut doloremque aut voluptatem. Ducimus natus sunt repudiandae id modi exercitationem explicabo.', 1, 3, '2022-08-28 06:56:39', '2022-08-29 02:12:51'),
(346, 'Blanche Fritsch', 'blanche-fritsch', 'https://via.placeholder.com/640x480.png/0055dd?text=sit', 'Tenetur a tempore et et at culpa. Non quibusdam illo ex architecto consequuntur vel. Et deserunt omnis et quidem placeat. Sint ab quidem eaque est. Fugit vel doloribus tenetur sed voluptatem veniam. Quia voluptatem sed adipisci ut qui iusto et veniam. Aspernatur cupiditate molestiae id. Qui asperiores ut corporis sint nam et. Molestiae non aut inventore tenetur. Exercitationem id deserunt at. Harum quae nihil illo possimus amet architecto aut. Dolores neque cum quis totam iure. Aliquid voluptatibus voluptatem voluptas qui atque. Odit eveniet dolore odit rem.', 1, 5, '2022-08-28 06:56:39', '2022-08-29 02:13:17'),
(347, 'Stefan Powlowski DVM', 'stefan-powlowski-dvm', 'https://via.placeholder.com/640x480.png/00ff33?text=cum', 'Optio quidem numquam cupiditate dolores dolorem cumque. Pariatur qui doloribus sit dignissimos vitae. Nulla sunt soluta minus quia ut ut. Odio laboriosam corporis aspernatur amet ut ratione consectetur. Pariatur veniam perspiciatis qui reiciendis omnis. Architecto qui nobis temporibus. Et est alias accusantium alias aut sunt non. Placeat non animi maxime non consequatur. Natus aut incidunt numquam aut.', 1, 3, '2022-08-28 06:56:39', '2022-08-29 02:13:30'),
(348, 'Dr. Milton Wiza', 'dr-milton-wiza', 'https://via.placeholder.com/640x480.png/002233?text=fuga', 'Ipsa nemo natus eos expedita nobis corporis. Consequuntur enim ad est quo. Dolor aut voluptatem enim vero. Ut iusto sequi veniam maiores. Earum voluptate eum est quis aspernatur dignissimos mollitia. Nisi praesentium nihil voluptates voluptas ullam. Voluptates vitae enim ut ratione quasi qui enim. Vitae consectetur qui voluptas placeat id porro. Quae consequuntur minima et sunt rerum ipsam. Dolorem accusantium nostrum iure veritatis doloribus at illum.', 1, 5, '2022-08-28 06:56:39', '2022-08-29 02:13:40'),
(349, 'Prof. Alba Goyette Sr.', 'prof-alba-goyette-sr', 'https://via.placeholder.com/640x480.png/006699?text=vero', 'In placeat qui molestiae sunt quia unde repudiandae. Libero quod sed nostrum officia voluptatem qui. Voluptas quam qui molestiae voluptate harum molestiae. Earum voluptatum reiciendis molestiae et sunt excepturi veniam. Eum laborum aut ut. Animi dolor laboriosam quibusdam. Nam qui tempore facere sequi fugiat sunt. Et qui facilis omnis. Facilis placeat deleniti et deleniti. Doloremque at accusantium sed magnam mollitia. Non illo sit nisi non occaecati dignissimos culpa error. Et laboriosam accusantium aut doloribus eius. Perferendis ut adipisci rerum ut et. Sint ab rerum quia dolorum esse.', 1, 5, '2022-08-28 06:56:39', '2022-08-29 02:13:53'),
(350, 'Prof. Claude Runolfsdottir', 'prof-claude-runolfsdottir', 'https://via.placeholder.com/640x480.png/006655?text=expedita', 'Quasi voluptate eum eaque eaque magni iusto quis. Architecto nihil ut eveniet cupiditate. Ea est mollitia vel maiores perspiciatis quam atque. Et soluta repellat soluta et facilis. Distinctio deserunt voluptatem autem sed. Ab nihil animi et quam quo a. Rerum sint eius sint velit aut vero laborum. Omnis labore nostrum quisquam nisi. Rerum repellendus aspernatur quidem maiores sed. Iure quam aut atque libero. Et est cumque eligendi et. Nisi omnis porro accusantium. Dicta adipisci qui nihil iste itaque.', 1, 5, '2022-08-28 06:56:39', '2022-08-29 02:14:06'),
(351, 'Dr. Yvonne Kertzmann', 'dr-yvonne-kertzmann', 'https://via.placeholder.com/640x480.png/000044?text=placeat', 'Voluptates ea fugiat aut quibusdam non. Inventore est ipsam architecto facere. Illum alias blanditiis reiciendis ut sapiente eum. Distinctio earum officiis doloribus et maxime quo reprehenderit. Impedit dignissimos sunt ea. Dolor esse consequatur excepturi et eos. Cupiditate consequatur veritatis sunt cupiditate sunt rem molestiae. Consectetur est et cum ea. Reiciendis eum distinctio distinctio nostrum. Quibusdam numquam quis repudiandae et quas. Temporibus nisi vero reiciendis laborum ut. Quis aut quo qui aut autem.', 1, 5, '2022-08-28 06:56:39', '2022-08-29 02:14:17'),
(352, 'Dr. Kurt Gorczany Jr.', 'dr-kurt-gorczany-jr', 'https://via.placeholder.com/640x480.png/0066aa?text=tempora', 'Est sit quod quis reiciendis aliquam. Rerum voluptas enim dolores. Placeat enim aut ea deleniti qui vitae inventore. Et saepe non quae amet quam. Rerum fuga nihil modi quod eaque libero. Et harum tempora doloremque aut. Assumenda libero adipisci voluptatem possimus exercitationem dolorem quis porro. Corrupti rem temporibus molestiae id. Laudantium consequuntur dolorum repellat iure. Quisquam commodi molestiae at nisi iure.', 1, 4, '2022-08-28 06:56:39', '2022-08-29 02:15:34'),
(353, 'Presley Mayer', 'presley-mayer', 'https://via.placeholder.com/640x480.png/008877?text=ad', 'Voluptas est omnis sint totam quibusdam et tempore. Ullam ipsam esse autem. Optio optio debitis animi voluptatem aut ut. Libero officiis natus quo consequatur et quasi quae. Nostrum sit velit suscipit consectetur omnis repudiandae aliquid. Nesciunt aliquid pariatur perferendis. Dolores quo neque repudiandae facere amet. Eum modi id ut non repellat ipsam eum. In numquam dolorem velit corrupti rerum id ut. Et qui consequatur et assumenda et corporis iure. Est inventore fugiat et dolore pariatur tempore labore eaque.', 1, 4, '2022-08-28 06:56:39', '2022-08-29 02:15:22'),
(354, 'Rossie Stracke', 'rossie-stracke', 'https://via.placeholder.com/640x480.png/00ff33?text=quisquam', 'Unde qui dolor deserunt maxime alias odio. Modi minus quos omnis iusto. Vel quas culpa enim. Dolore nulla distinctio sint aperiam. Minus qui voluptas sit. Sapiente laboriosam ad voluptatem laudantium autem aut. Ex natus id animi voluptatem qui dolores non. Tempore commodi optio alias fuga. Quod aut sed veritatis numquam. Suscipit vitae ut non alias non. Dicta aut ut cupiditate saepe aut quibusdam ullam. Aperiam saepe labore quas est.', 1, 2, '2022-08-28 06:56:39', '2022-08-29 02:15:48'),
(355, 'Marlee Leannon', 'Melyssa Deckow', 'https://via.placeholder.com/640x480.png/0000bb?text=a', 'Consectetur saepe sed possimus modi qui consequuntur. Molestiae minus magnam dolorem molestiae et eaque. Neque id nemo molestiae id et quo. Ducimus quos quia et quae voluptas nihil ducimus. Soluta at atque rerum inventore. Mollitia beatae fuga autem atque qui sint. Ipsa rem quasi ut voluptatum. Mollitia et ipsam ut eligendi a non. Sed voluptas corrupti autem dignissimos voluptatem laborum. Voluptas reiciendis delectus nemo sed vitae ut ipsa. Architecto tempore voluptatum id sit.', 1, 1, '2022-08-28 06:56:39', '2022-08-28 06:56:39'),
(356, 'Miss Isobel Moore DVM', 'Ms. Natasha Moen', 'https://via.placeholder.com/640x480.png/00ff33?text=quibusdam', 'Laboriosam iure rerum doloremque ut sed officia molestias. Corrupti distinctio eos aspernatur autem. Laudantium quisquam similique ad facilis qui occaecati ducimus non. Sed occaecati maiores unde quia. Harum sit neque velit consequatur quia beatae eum id. Inventore harum et quis itaque et dolorem facere. Repellat ducimus et sit. Repellendus ut enim est quis assumenda expedita et. Magni eaque perferendis quam voluptatem. Vel autem asperiores reprehenderit ipsum. Fugiat aut necessitatibus et dolor necessitatibus architecto et autem. A corporis laborum illum dolor blanditiis tempora at.', 1, 4, '2022-08-28 06:56:39', '2022-08-28 06:56:39'),
(357, 'Dr. Milton Klein', 'Rupert Eichmann', 'https://via.placeholder.com/640x480.png/001166?text=in', 'Expedita sit cum aut id et. Eum qui porro laborum laudantium maiores quod nihil. Suscipit ea accusamus nobis repudiandae. Quisquam quos commodi quas. A et ipsam libero ut aut sed. Suscipit doloribus magni voluptatem voluptatem eos perspiciatis aperiam. Dolor id beatae voluptatem reiciendis. Id odio quam inventore culpa blanditiis corporis quaerat. Numquam autem excepturi numquam quo.', 1, 1, '2022-08-28 06:56:39', '2022-08-28 06:56:39'),
(358, 'Rhett Waters', 'Jamison Baumbach', 'https://via.placeholder.com/640x480.png/00bbaa?text=nisi', 'Sunt adipisci delectus iure perspiciatis ut sed nesciunt. Non voluptatem sunt quia voluptate. Accusamus ab sequi occaecati magnam. Quia repellat est labore sed mollitia asperiores cumque. Voluptas et ut fugiat ut. Quia veniam est impedit nostrum rem eos. Quia ut ratione autem id odio aut ad. Sit in officia omnis quia omnis sunt est ipsum. Sed aperiam ut labore eos consequatur. Rem in inventore quae aut. Qui vero et atque consectetur. Voluptatem sint sunt esse sed sapiente harum.', 1, 5, '2022-08-28 06:56:39', '2022-08-28 06:56:39'),
(359, 'Mr. Bernhard Cronin III', 'mr-bernhard-cronin-iii', 'https://via.placeholder.com/640x480.png/00ee00?text=totam', 'Officia autem ratione reprehenderit esse ut est. Voluptates ipsa iusto voluptatem expedita ut cupiditate suscipit. Asperiores occaecati non distinctio non placeat. Quaerat quia reiciendis expedita dolores exercitationem iste. A est provident quia quia. Ut nihil qui velit sunt. Fugit magni laborum ut fuga sint at totam. Voluptas libero quidem quia id occaecati inventore voluptatum eaque. Dolores et nulla facilis accusamus iure ad excepturi.', 1, 5, '2022-08-28 06:56:39', '2022-08-29 02:16:01'),
(360, 'Cindy Harvey', 'Dane Anderson', 'https://via.placeholder.com/640x480.png/00bb11?text=tempora', 'Dolor possimus enim dolorem error dolorum. Cupiditate saepe qui et. Nemo nam doloremque molestiae cum quia ullam laboriosam. Cupiditate omnis dolores ipsam. Deserunt tenetur itaque est aut. Omnis ea fugiat quas. Fugit et veniam vero sit officia. A molestiae quod hic velit. Repudiandae a illum tenetur rerum rerum consequatur aspernatur. Quam aliquid beatae eum perferendis dolores. Quam aut sit dolores culpa. Doloribus consequatur vero voluptatem nulla consequuntur.', 1, 6, '2022-08-28 06:56:39', '2022-08-28 06:56:39'),
(361, 'Emely Runte', 'emely-runte', 'https://via.placeholder.com/640x480.png/0033ff?text=ullam', 'Aut impedit ut ex perferendis impedit. Nulla in ea sed voluptas est sed. Quia eius sunt porro minima est veniam consectetur. Est qui tenetur voluptas rerum et. Esse cum aut voluptatem est. Aspernatur natus illum non quas corporis aliquid necessitatibus. Vel quod hic repellendus fugiat amet aut. Rerum excepturi quas modi explicabo rerum. Et corporis omnis adipisci dolorem et dignissimos aliquid. Repellat ut laboriosam voluptatem sit omnis. Rerum fugit et doloribus dolores. Aut non quam sequi deserunt.', 1, 5, '2022-08-28 06:56:40', '2022-08-29 01:35:08'),
(362, 'Jayde Erdman', 'jayde-erdman', 'https://via.placeholder.com/640x480.png/0022ff?text=deleniti', 'Ut non laudantium autem laboriosam natus nesciunt deserunt suscipit. Velit voluptatibus soluta necessitatibus sed voluptatem doloremque voluptas. Omnis deserunt nesciunt sed. Magnam quia quidem quia sunt. Amet cum tenetur mollitia iste. Expedita explicabo et facere. Consectetur aut consequatur adipisci sit eos. Minima sint consequuntur cumque omnis dolorem aliquam id delectus. Autem neque quos voluptatibus. Sit nemo in culpa id. Sunt corporis nam ut quod nostrum eos delectus. Nemo id facilis ipsum soluta odio sit. Aut beatae quos magni optio ducimus accusamus maxime.', 1, 2, '2022-08-28 06:56:40', '2022-08-29 01:35:25'),
(363, 'Fern Quitzon', 'fern-quitzon', 'https://via.placeholder.com/640x480.png/00dd44?text=saepe', 'Nam aliquid vitae illum quas enim. Iusto nobis corporis quis accusantium quos veniam temporibus. In earum doloremque ea delectus sit cum pariatur repellendus. Aut quidem aspernatur minus corporis et. Deserunt quis quaerat laudantium non culpa omnis dolorem. Tempore sint in voluptates enim dolorum odio est possimus. Debitis soluta ab rerum et. Voluptates est dolorem et voluptatem rerum praesentium atque sunt. Nesciunt voluptas mollitia voluptatum dicta.', 1, 2, '2022-08-28 06:56:40', '2022-08-29 01:35:17'),
(364, 'Evelyn Thiel', 'evelyn-thiel', 'https://via.placeholder.com/640x480.png/001100?text=sed', 'Atque consequatur asperiores et ipsam reprehenderit qui quisquam magnam. Praesentium adipisci molestiae esse. Optio dolor incidunt dicta error molestias assumenda est consectetur. Sit unde voluptas ut et nulla harum. Eum aliquid possimus velit sint quia recusandae. Hic qui nisi beatae eligendi occaecati voluptas reprehenderit. Ut et velit in est. Quia qui ab aliquam accusantium ex. Quisquam dolorem dicta sapiente debitis. Velit iste aliquam velit laboriosam omnis. Doloremque ducimus doloribus porro molestias praesentium itaque in.', 1, 5, '2022-08-28 06:56:40', '2022-08-29 01:35:32'),
(365, 'Prof. Abdul Armstrong', 'prof-abdul-armstrong', 'https://via.placeholder.com/640x480.png/00ffbb?text=aperiam', 'Dolores consequuntur omnis dolor sit facere ut. Totam vitae dolores alias molestiae. Nulla exercitationem incidunt beatae magnam eius eos dolores culpa. Molestiae qui laudantium et. Molestias sapiente aliquid nihil eum. Magnam possimus ut eaque est aperiam asperiores. Enim ad aspernatur adipisci. Laborum sunt amet aut dolores blanditiis quibusdam facere nulla. Ab cum atque omnis odio assumenda cum. Nisi sed fuga modi totam. Consequatur ex facere vero est ad unde. Eius velit officiis veritatis consectetur pariatur. Accusantium voluptatem et ad. Mollitia vero illum id ea.', 1, 6, '2022-08-28 06:56:40', '2022-08-29 01:35:43'),
(366, 'Bell Baumbach', 'bell-baumbach', 'https://via.placeholder.com/640x480.png/00cc44?text=nesciunt', 'Quibusdam culpa vel ea. Nulla culpa voluptatem ea sapiente ducimus ipsum cum hic. Consequuntur quae officia est repellendus. Quidem assumenda quam eum saepe dolorem. Et est consequuntur nam veritatis eos enim consectetur. Nihil vel et cupiditate ut dolorum. Sint asperiores iusto officiis veniam natus quis architecto. Quis ut dolor molestiae autem officiis cum omnis deserunt. Id voluptates doloremque quibusdam. Fugiat voluptate quia ratione molestias et molestias facilis.', 1, 5, '2022-08-28 06:56:40', '2022-08-29 01:35:38'),
(367, 'Waylon Kovacek', 'waylon-kovacek', 'https://via.placeholder.com/640x480.png/0088aa?text=autem', 'Aut voluptas culpa minus sunt ad cupiditate vel occaecati. Veritatis rem ab ullam. Ut omnis aspernatur natus. Recusandae consectetur unde non adipisci eligendi eum nihil. Animi minima repudiandae et ut esse repellat doloremque at. Molestias a accusantium natus deserunt nihil tenetur. Voluptas modi accusantium itaque culpa. Quisquam quam adipisci architecto vel exercitationem. Ut natus aut possimus est culpa et. Voluptatem similique doloribus et. Ut ea inventore pariatur labore. Totam velit accusamus a velit iure excepturi. Animi quas error perferendis.', 1, 4, '2022-08-28 06:56:40', '2022-08-29 01:35:50'),
(368, 'Dr. Ezekiel Auer', 'dr-ezekiel-auer', 'https://via.placeholder.com/640x480.png/00aa66?text=maxime', 'Impedit animi corporis sint ut nihil accusantium. Laboriosam vel praesentium ut repellat omnis unde dolor eos. Eos sapiente voluptas dolor dolor non consequatur qui rerum. Aspernatur voluptatem consequuntur delectus doloremque quia nobis autem dolor. Recusandae ut temporibus corrupti labore animi. Sit eveniet voluptatem animi quos deserunt aspernatur maxime. Ut amet eius soluta eum corrupti nostrum itaque. Odit illum tempora quas. Voluptas facere nulla facilis quia necessitatibus. Tempore saepe et molestias cumque deleniti illo. Omnis enim nam provident.', 1, 1, '2022-08-28 06:56:40', '2022-08-29 01:36:07'),
(369, 'Miguel Jacobi Jr.', 'miguel-jacobi-jr', 'https://via.placeholder.com/640x480.png/006600?text=occaecati', 'Molestiae nostrum non aut et dolores. Molestias in perspiciatis animi saepe. Ipsa accusantium deserunt reprehenderit voluptas exercitationem. Suscipit aliquid earum at id dolores enim. Debitis delectus qui ratione nemo. Deserunt cum eos ducimus earum in libero veritatis. Nihil provident molestiae deleniti neque sed molestias quis. Et cum et quia autem sed numquam. Facilis iste ea cupiditate ab omnis et. Alias corporis fugiat dolorem est provident molestiae adipisci. Illo non et eligendi.', 1, 1, '2022-08-28 06:56:40', '2022-08-29 01:35:59'),
(370, 'Mr. Xavier Shields', 'mr-xavier-shields', 'https://via.placeholder.com/640x480.png/00bbff?text=officia', 'Eum officiis ad tenetur incidunt. Recusandae libero molestiae omnis est blanditiis. Vitae ex odio temporibus in ab quia quia. Aliquam vero aspernatur cupiditate reiciendis maxime eos labore. Cum ipsum voluptatem sit tempora omnis amet et. Animi eveniet pariatur qui voluptas dignissimos. Qui placeat excepturi repudiandae omnis dolores tenetur. Maxime temporibus voluptas ut eaque sit.', 1, 3, '2022-08-28 06:56:40', '2022-08-29 01:42:24'),
(371, 'Vallie Krajcik', 'vallie-krajcik', 'https://via.placeholder.com/640x480.png/004499?text=dignissimos', 'Optio ducimus perspiciatis et a. Sunt quisquam et occaecati qui. Quia ea dolorem consectetur pariatur enim distinctio. Qui itaque quasi magnam. Officiis maiores ut nisi enim excepturi voluptas. Et corporis aut doloremque dolore ut necessitatibus praesentium. Eos ipsum reprehenderit maxime et. Laboriosam cupiditate dolor dolor. Assumenda dolores fugiat ratione eos. Ipsa qui numquam et sit. Sapiente hic ullam nulla voluptatibus doloremque quia et qui. Et iste voluptate et maxime dolorum veritatis delectus.', 1, 1, '2022-08-28 06:56:40', '2022-08-29 01:42:18'),
(372, 'Carson Howell', 'carson-howell', 'https://via.placeholder.com/640x480.png/00ee00?text=adipisci', 'Id repudiandae sed hic dolorum. Consequatur veritatis et ab qui ducimus. Asperiores deserunt qui aut quis consequatur possimus fugiat. Voluptates vitae alias saepe laboriosam ut unde fuga. Repellendus vero natus rerum eveniet quos ut id et. Vel qui est velit deserunt vitae facilis in qui. Iure aliquid dolorem accusamus. Cum iusto iste pariatur praesentium occaecati. Nesciunt nobis ut autem nemo incidunt nulla quidem. Illum nesciunt ut dolor aliquam ea. Aperiam ullam magnam aut in in eum architecto.', 1, 6, '2022-08-28 06:56:40', '2022-08-29 02:10:40'),
(373, 'Amara Schiller', 'amara-schiller', 'https://via.placeholder.com/640x480.png/0033cc?text=qui', 'Iste voluptatibus quis optio voluptatem ea. Autem et est omnis aut eius. Perferendis ut rerum impedit amet rerum in. Ut provident eligendi laborum. Explicabo voluptatem inventore ut quia dolorem velit. Eos est laboriosam consequatur. Natus ut temporibus quis. Blanditiis rerum aspernatur temporibus est quis. Ut sed consequatur quo nemo. Ullam sed commodi eum praesentium vitae doloribus qui. Doloremque velit fugiat et voluptas unde adipisci.', 1, 1, '2022-08-28 06:56:40', '2022-08-29 02:10:49'),
(374, 'This mUjibur', 'this-mujibur', 'storage/post/3aYolNIiLYJYYB3S1iRzVtdAjh4Bm2QB6uHOlr11.png', '         <a href=\"https://www.pnsnews24.com/news/international/287520\" itemprop=\"url\">...</a>   <article itemscope=\"\" itemtype=\"http://schema.org/Article\" class=\"media infscr-item\"><a title=\"\" class=\"pull-left article-image\" href=\"https://www.pnsnews24.com/news/international/287515\"> <img src=\"https://www.pnsnews24.com/static/image/upload/news/2022/08/28/43b6f7221c9322f8b39fd5d1bdf53e14_18.jpg?w=260&amp;h=150\" data-src=\"/static/image/upload/news/2022/08/28/43b6f7221c9322f8b39fd5d1bdf53e14_18.jpg?w=260&amp;h=150\" class=\"media-object lazyloaded\" width=\"260\" height=\"150\"> </a> <div class=\"media-object\"> <h3 class=\"media-heading\" itemprop=\"headline name\"><a href=\"https://www.pnsnews24.com/news/international/287515\">    ,    : </a></h3> <div class=\"publish-info\"><p><span class=\"glyphicon glyphicon-calendar\"></span>&nbsp;&nbsp;<span class=\"local-time\" data-time=\"2022-08-28T07:51:31Z\">  : </span></p> </div> <p itemprop=\"description\">\r\n  :        \r\n        \r\n           \r\n  ,      \r\n    ,      \r\n    ,      \r\n   , , ,    <a href=\"https://www.pnsnews24.com/news/international/287515\" itemprop=\"url\">...</a> </p> </div></article>', 1, 1, '2022-08-28 07:02:13', '2022-08-28 21:07:00');

-- --------------------------------------------------------

--
-- Table structure for table `post_tag`
--

CREATE TABLE `post_tag` (
  `post_id` int(11) NOT NULL,
  `tag_id` int(11) NOT NULL
) ENGINE=InnoDB DEFAULT CHARSET=utf8mb4 COLLATE=utf8mb4_unicode_ci;

--
-- Dumping data for table `post_tag`
--

INSERT INTO `post_tag` (`post_id`, `tag_id`) VALUES
(1, 1),
(1, 2),
(11, 1),
(11, 2),
(11, 3),
(28, 1),
(28, 2),
(28, 3),
(29, 2),
(29, 3),
(29, 4),
(374, 3),
(374, 4),
(361, 3),
(361, 4),
(363, 1),
(363, 2),
(363, 3),
(363, 4),
(362, 1),
(362, 2),
(364, 2),
(364, 3),
(364, 4),
(366, 2),
(365, 1),
(367, 4),
(367, 5),
(369, 3),
(369, 5),
(368, 3),
(368, 4),
(368, 5),
(371, 1),
(371, 3),
(371, 5),
(370, 1),
(370, 2),
(340, 3),
(372, 1),
(372, 2),
(372, 3),
(372, 4),
(372, 5),
(373, 1),
(373, 2),
(373, 3),
(373, 4),
(373, 5),
(334, 1),
(334, 2),
(334, 3),
(334, 4),
(334, 5),
(335, 1),
(335, 2),
(335, 3),
(335, 4),
(335, 5),
(336, 1),
(336, 2),
(336, 3),
(336, 4),
(336, 5),
(337, 1),
(337, 2),
(337, 3),
(337, 4),
(337, 5),
(338, 1),
(338, 2),
(338, 3),
(338, 4),
(338, 5),
(340, 1),
(340, 2),
(340, 4),
(340, 5),
(341, 1),
(341, 2),
(341, 3),
(341, 4),
(341, 5),
(342, 1),
(342, 2),
(342, 3),
(342, 4),
(342, 5),
(343, 1),
(343, 2),
(343, 3),
(343, 4),
(343, 5),
(344, 1),
(344, 2),
(344, 3),
(344, 4),
(344, 5),
(345, 1),
(345, 2),
(345, 3),
(345, 4),
(345, 5),
(346, 1),
(346, 2),
(346, 3),
(346, 4),
(346, 5),
(347, 1),
(347, 2),
(347, 3),
(347, 4),
(347, 5),
(348, 1),
(348, 2),
(348, 3),
(348, 4),
(348, 5),
(349, 1),
(349, 2),
(349, 3),
(349, 4),
(349, 5),
(350, 1),
(350, 2),
(350, 3),
(350, 4),
(350, 5),
(351, 1),
(351, 2),
(351, 3),
(351, 4),
(351, 5),
(353, 1),
(353, 2),
(353, 3),
(353, 4),
(353, 5),
(352, 1),
(352, 2),
(352, 3),
(352, 4),
(352, 5),
(354, 1),
(354, 2),
(354, 3),
(354, 4),
(354, 5),
(359, 1),
(359, 2),
(359, 3),
(359, 4),
(359, 5);

-- --------------------------------------------------------

--
-- Table structure for table `settings`
--

CREATE TABLE `settings` (
  `id` bigint(20) UNSIGNED NOT NULL,
  `copyright` varchar(255) COLLATE utf8mb4_unicode_ci NOT NULL,
  `facebook` varchar(255) COLLATE utf8mb4_unicode_ci DEFAULT NULL,
  `linkedin` varchar(255) COLLATE utf8mb4_unicode_ci DEFAULT NULL,
  `twitter` varchar(255) COLLATE utf8mb4_unicode_ci DEFAULT NULL,
  `youtube` varchar(255) COLLATE utf8mb4_unicode_ci DEFAULT NULL,
  `instagram` varchar(255) COLLATE utf8mb4_unicode_ci DEFAULT NULL,
  `vimeo` varchar(255) COLLATE utf8mb4_unicode_ci DEFAULT NULL,
  `address` varchar(255) COLLATE utf8mb4_unicode_ci NOT NULL,
  `email` varchar(255) COLLATE utf8mb4_unicode_ci NOT NULL,
  `phone` int(11) NOT NULL,
  `image` varchar(255) COLLATE utf8mb4_unicode_ci NOT NULL,
  `created_at` timestamp NULL DEFAULT NULL,
  `updated_at` timestamp NULL DEFAULT NULL
) ENGINE=InnoDB DEFAULT CHARSET=utf8mb4 COLLATE=utf8mb4_unicode_ci;

--
-- Dumping data for table `settings`
--

INSERT INTO `settings` (`id`, `copyright`, `facebook`, `linkedin`, `twitter`, `youtube`, `instagram`, `vimeo`, `address`, `email`, `phone`, `image`, `created_at`, `updated_at`) VALUES
(1, 'Mujibur news', 'https://www.facebook.com/', 'https://www.facebook.com/', 'https://www.facebook.com/', 'https://www.facebook.com/', 'https://www.facebook.com/', 'https://www.facebook.com/', 'Moulvibazar/Sylhet/Bangladesh', 'user@gmail.com', 12345678, 'storage/setting/5XnXmY9wOjKK0N5uBMl9VT7SpQfITnRgeklxxSzm.png', '2022-08-27 00:40:08', '2022-08-28 01:18:37');

-- --------------------------------------------------------

--
-- Table structure for table `tags`
--

CREATE TABLE `tags` (
  `id` bigint(20) UNSIGNED NOT NULL,
  `name` varchar(255) COLLATE utf8mb4_unicode_ci NOT NULL,
  `slug` varchar(255) COLLATE utf8mb4_unicode_ci NOT NULL,
  `description` longtext COLLATE utf8mb4_unicode_ci DEFAULT NULL,
  `created_at` timestamp NULL DEFAULT NULL,
  `updated_at` timestamp NULL DEFAULT NULL
) ENGINE=InnoDB DEFAULT CHARSET=utf8mb4 COLLATE=utf8mb4_unicode_ci;

--
-- Dumping data for table `tags`
--

INSERT INTO `tags` (`id`, `name`, `slug`, `description`, `created_at`, `updated_at`) VALUES
(1, 'football', 'football', NULL, '2022-08-26 07:18:32', '2022-08-26 07:18:32'),
(2, 'criket', 'criket', NULL, '2022-08-26 07:18:42', '2022-08-26 07:18:42'),
(3, 'php', 'php', NULL, '2022-08-26 07:18:46', '2022-08-26 07:18:46'),
(4, 'laravel', 'laravel', NULL, '2022-08-26 07:18:51', '2022-08-26 07:18:51'),
(5, 'python', 'python', NULL, '2022-08-26 07:19:04', '2022-08-26 07:19:04');

-- --------------------------------------------------------

--
-- Table structure for table `users`
--

CREATE TABLE `users` (
  `id` bigint(20) UNSIGNED NOT NULL,
  `name` varchar(255) COLLATE utf8mb4_unicode_ci NOT NULL,
  `email` varchar(255) COLLATE utf8mb4_unicode_ci NOT NULL,
  `email_verified_at` timestamp NULL DEFAULT NULL,
  `password` varchar(255) COLLATE utf8mb4_unicode_ci NOT NULL,
  `role` int(11) NOT NULL DEFAULT 0,
  `remember_token` varchar(100) COLLATE utf8mb4_unicode_ci DEFAULT NULL,
  `created_at` timestamp NULL DEFAULT NULL,
  `updated_at` timestamp NULL DEFAULT NULL
) ENGINE=InnoDB DEFAULT CHARSET=utf8mb4 COLLATE=utf8mb4_unicode_ci;

--
-- Dumping data for table `users`
--

INSERT INTO `users` (`id`, `name`, `email`, `email_verified_at`, `password`, `role`, `remember_token`, `created_at`, `updated_at`) VALUES
(1, 'user', 'user@gmail.com', '2022-09-15 08:57:22', '$2y$10$sDQAB2g5oZUTN84ptcbZxOn7lZQA0Gt98SM40ctU0XL5Wiq4nWHIq', 1, NULL, '2022-08-26 07:17:08', '2022-08-26 07:17:08'),
(2, 'django', 'django@gmaol.com', '2022-09-07 18:00:00', '$2y$10$A/N.PcM/BiTJy3A0EaRGx.5ITP11pK6xcWcJZwMllJzQi72FAMVQC', 0, NULL, '2022-08-31 05:12:28', '2022-08-31 05:12:28');

--
-- Indexes for dumped tables
--

--
-- Indexes for table `categories`
--
ALTER TABLE `categories`
  ADD PRIMARY KEY (`id`);

--
-- Indexes for table `contacts`
--
ALTER TABLE `contacts`
  ADD PRIMARY KEY (`id`);

--
-- Indexes for table `failed_jobs`
--
ALTER TABLE `failed_jobs`
  ADD PRIMARY KEY (`id`),
  ADD UNIQUE KEY `failed_jobs_uuid_unique` (`uuid`);

--
-- Indexes for table `migrations`
--
ALTER TABLE `migrations`
  ADD PRIMARY KEY (`id`);

--
-- Indexes for table `password_resets`
--
ALTER TABLE `password_resets`
  ADD KEY `password_resets_email_index` (`email`);

--
-- Indexes for table `personal_access_tokens`
--
ALTER TABLE `personal_access_tokens`
  ADD PRIMARY KEY (`id`),
  ADD UNIQUE KEY `personal_access_tokens_token_unique` (`token`),
  ADD KEY `personal_access_tokens_tokenable_type_tokenable_id_index` (`tokenable_type`,`tokenable_id`);

--
-- Indexes for table `posts`
--
ALTER TABLE `posts`
  ADD PRIMARY KEY (`id`),
  ADD KEY `posts_user_id_foreign` (`user_id`),
  ADD KEY `posts_category_id_foreign` (`category_id`);

--
-- Indexes for table `settings`
--
ALTER TABLE `settings`
  ADD PRIMARY KEY (`id`);

--
-- Indexes for table `tags`
--
ALTER TABLE `tags`
  ADD PRIMARY KEY (`id`);

--
-- Indexes for table `users`
--
ALTER TABLE `users`
  ADD PRIMARY KEY (`id`),
  ADD UNIQUE KEY `users_email_unique` (`email`);

--
-- AUTO_INCREMENT for dumped tables
--

--
-- AUTO_INCREMENT for table `categories`
--
ALTER TABLE `categories`
  MODIFY `id` bigint(20) UNSIGNED NOT NULL AUTO_INCREMENT, AUTO_INCREMENT=7;

--
-- AUTO_INCREMENT for table `contacts`
--
ALTER TABLE `contacts`
  MODIFY `id` bigint(20) UNSIGNED NOT NULL AUTO_INCREMENT, AUTO_INCREMENT=4;

--
-- AUTO_INCREMENT for table `failed_jobs`
--
ALTER TABLE `failed_jobs`
  MODIFY `id` bigint(20) UNSIGNED NOT NULL AUTO_INCREMENT;

--
-- AUTO_INCREMENT for table `migrations`
--
ALTER TABLE `migrations`
  MODIFY `id` int(10) UNSIGNED NOT NULL AUTO_INCREMENT, AUTO_INCREMENT=12;

--
-- AUTO_INCREMENT for table `personal_access_tokens`
--
ALTER TABLE `personal_access_tokens`
  MODIFY `id` bigint(20) UNSIGNED NOT NULL AUTO_INCREMENT;

--
-- AUTO_INCREMENT for table `posts`
--
ALTER TABLE `posts`
  MODIFY `id` bigint(20) UNSIGNED NOT NULL AUTO_INCREMENT, AUTO_INCREMENT=375;

--
-- AUTO_INCREMENT for table `settings`
--
ALTER TABLE `settings`
  MODIFY `id` bigint(20) UNSIGNED NOT NULL AUTO_INCREMENT, AUTO_INCREMENT=2;

--
-- AUTO_INCREMENT for table `tags`
--
ALTER TABLE `tags`
  MODIFY `id` bigint(20) UNSIGNED NOT NULL AUTO_INCREMENT, AUTO_INCREMENT=6;

--
-- AUTO_INCREMENT for table `users`
--
ALTER TABLE `users`
  MODIFY `id` bigint(20) UNSIGNED NOT NULL AUTO_INCREMENT, AUTO_INCREMENT=3;

--
-- Constraints for dumped tables
--

--
-- Constraints for table `posts`
--
ALTER TABLE `posts`
  ADD CONSTRAINT `posts_category_id_foreign` FOREIGN KEY (`category_id`) REFERENCES `categories` (`id`),
  ADD CONSTRAINT `posts_user_id_foreign` FOREIGN KEY (`user_id`) REFERENCES `users` (`id`);
COMMIT;

/*!40101 SET CHARACTER_SET_CLIENT=@OLD_CHARACTER_SET_CLIENT */;
/*!40101 SET CHARACTER_SET_RESULTS=@OLD_CHARACTER_SET_RESULTS */;
/*!40101 SET COLLATION_CONNECTION=@OLD_COLLATION_CONNECTION */;
